"chunk_fr","chunk_en","topic_slug","source","source_type","register","exam_tag","cefr_level","review_status","review_notes","source_file","extractor","dup_count"
"a pour conséquence de... ... has the consequence of","Cette réforme a pour conséquence de réduire le pouvoir d’achat. This reform has the consequence of reducing purchasing power","calques_anglais","Les_Moules_Complete_Framework.docx","book_lab","","","","","","Les_Moules_Complete_Framework.docx","table","1"
"Alors que la France investit dans le nucléaire, l’Allemagne mise sur le renouvelable. Whereas France invests in nuclear, Germany bets on renewable energy","Alors que... / Tandis que... Whereas... / While","calques_anglais","Les_Moules_Complete_Framework.docx","book_lab","","","","","","Les_Moules_Complete_Framework.docx","table","1"
"Also: Il faudrait, on devrait, ce serait bien de, j’aurais aimé, il serait préférable de... The conditionnel is not just a tense","it’s a social code","calques_anglais","Les_Moules_Complete_Framework.docx","book_lab","","","","","","Les_Moules_Complete_Framework.docx","regex","1"
"Au lieu de te plaindre, agis","instead of doing","calques_anglais","Les_Moules_Complete_Framework.docx","book_lab","","","","","","Les_Moules_Complete_Framework.docx","table","1"
"Avec quoi est-ce que...?","ce avec quoi","calques_anglais","Notes de cours de Andre.docx","chadi_authored","","","","","","Notes de cours de Andre.docx","table","2"
"B1 (English architecture) Je pense que la pollution est un problème","B2+ (French architecture) Ce qui me préoccupe, c’est que la pollution ne cesse d’augmenter","calques_anglais","Les_Moules_Complete_Framework.docx","book_lab","","","","","","Les_Moules_Complete_Framework.docx","table","1"
"B2+ (connected / French rhythm) Étant donné qu’il fait mauvais, je préfère rester à la maison, d’autant plus que je suis fatigué","B1 (chopped / English rhythm) Il fait mauvais. Je ne veux pas sortir. Je vais rester à la maison","calques_anglais","Les_Moules_Complete_Framework.docx","book_lab","","","","","","Les_Moules_Complete_Framework.docx","table","1"
"B2+ En ce qui concerne l’environnement, c’est un sujet qui mérite une attention particulière","B1 Je vais parler de l’environnement","calques_anglais","Les_Moules_Complete_Framework.docx","book_lab","","","","","","Les_Moules_Complete_Framework.docx","table","1"
"B2+ Étant donné que l’économie va mal, la situation est de plus en plus difficile","B1 La situation est difficile parce que l’économie va mal","calques_anglais","Les_Moules_Complete_Framework.docx","book_lab","","","","","","Les_Moules_Complete_Framework.docx","table","1"
"C'est d'autant moins acceptable","It's all the less acceptable","calques_anglais","AUTANT.docx","chadi_authored","","","","","","AUTANT.docx","table","1"
"C'est d'autant plus important","It's all the more important","calques_anglais","AUTANT.docx","chadi_authored","","","","","","AUTANT.docx","table","1"
"c'est pourquoi / par conséquent","formel","calques_anglais","Notes de cours pour Egor.docx","chadi_authored","","","","","","Notes de cours pour Egor.docx","regex","2"
"ce qui entraîne / provoque... ... which leads to / causes","Les températures augmentent, ce qui entraîne la fonte des glaciers. Temperatures are rising, which leads to the melting of glaciers","calques_anglais","Les_Moules_Complete_Framework.docx","book_lab","","","","","","Les_Moules_Complete_Framework.docx","table","1"
"Ce qui me préoccupe, c’est que les jeunes sont de plus en plus endettés. What worries me is that young people are increasingly in debt","Ce qui me dérange / préoccupe, c’est que... What bothers/worries me is that","calques_anglais","Les_Moules_Complete_Framework.docx","book_lab","","","","","","Les_Moules_Complete_Framework.docx","table","1"
"Ce qu’il faut retenir, c’est que... What we should take away is that","Ce qu’il faut retenir, c’est que le changement commence par l’individu. What we should take away is that change starts with the individual","calques_anglais","Les_Moules_Complete_Framework.docx","book_lab","","","","","","Les_Moules_Complete_Framework.docx","table","1"
"ce à quoi","What I'm thinking about","calques_anglais","Notes de cours de Andre.docx","chadi_authored","","","","","","Notes de cours de Andre.docx","table","2"
"Cela est dû au fait que... This is due to the fact that","Cela est dû au fait que les entreprises délocalisent. This is due to the fact that companies are outsourcing","calques_anglais","Les_Moules_Complete_Framework.docx","book_lab","","","","","","Les_Moules_Complete_Framework.docx","table","1"
"Certes, le prix est élevé, en revanche la qualité est exceptionnelle. Admittedly, the price is high; however, the quality is exceptional","Certes..., mais / en revanche... Admittedly..., but / however","calques_anglais","Les_Moules_Complete_Framework.docx","book_lab","","","","","","Les_Moules_Complete_Framework.docx","table","1"
"Comme / Puisque... (cause first!) Since / As... (cause before consequence","Comme il pleut, on va rester à la maison. Since it’s raining, we’ll stay home","calques_anglais","Les_Moules_Complete_Framework.docx","book_lab","","","","","","Les_Moules_Complete_Framework.docx","table","1"
"Contrairement à ce qu’on pourrait penser, le coût de la vie au Canada est très élevé. Contrary to what one might think, the cost of living in Canada is very high","Contrairement à ce qu’on pourrait penser... Contrary to what one might think","calques_anglais","Les_Moules_Complete_Framework.docx","book_lab","","","","","","Les_Moules_Complete_Framework.docx","table","1"
"couvrir d'affection","to shower with affection","calques_anglais","Le_Comportement_Complete_Guide.docx","chadi_authored","","","","","","Le_Comportement_Complete_Guide.docx","table","1"
"C’est cher, cependant la qualité est là","Formal concession","calques_anglais","Les_Moules_Complete_Framework.docx","book_lab","","","","","","Les_Moules_Complete_Framework.docx","table","1"
"C’est la raison pour laquelle... That’s the reason why","C’est la raison pour laquelle beaucoup de jeunes quittent Paris. That’s the reason why many young people are leaving Paris","calques_anglais","Les_Moules_Complete_Framework.docx","book_lab","","","","","","Les_Moules_Complete_Framework.docx","table","1"
"C’est le cas de Pontevedra en Espagne. This is the case with Pontevedra in Spain","C’est le cas de... This is the case with","calques_anglais","Les_Moules_Complete_Framework.docx","book_lab","","","","","","Les_Moules_Complete_Framework.docx","table","1"
"C’est un sujet qui me tient particulièrement à cœur. It’s a topic that’s particularly close to my heart","C’est un sujet qui... It’s a topic that","calques_anglais","Les_Moules_Complete_Framework.docx","book_lab","","","","","","Les_Moules_Complete_Framework.docx","table","1"
"d'ici à ce que","by the time","calques_anglais","Annexe_Subjonctif_Exemples_Exhaustifs_Egor.docx","chadi_authored","","","","","","Annexe_Subjonctif_Exemples_Exhaustifs_Egor.docx","table","1"
"d'où + nom","hence","calques_anglais","Notes de cours pour Egor.docx","chadi_authored","","","","","","Notes de cours pour Egor.docx","regex","2"
"de ce fait","as a result of this; consequently","calques_anglais","Corrigé_réponses.docx","chadi_authored","formel","","B1","","","Corrigé_réponses.docx","haiku","1"
"de même que","_______________________","calques_anglais","Notes de cours pour Egor.docx","chadi_authored","","","","","","Notes de cours pour Egor.docx","table","2"
"De plus,…","ajouter un argument","calques_anglais","TCF_Canada___Expression_Orale_(Tâche_3)__Thèmes_courants_et_vocabulaire_essentiel.docx","chadi_authored","","","","","","TCF_Canada___Expression_Orale_(Tâche_3)__Thèmes_courants_et_vocabulaire_essentiel.docx","regex","1"
"DIRECT QUESTION","INDIRECT SPEECH","calques_anglais","Notes de cours de Andre.docx","chadi_authored","","","","","","Notes de cours de Andre.docx","table","3"
"D’un côté, le télétravail offre de la liberté. De l’autre, il isole. On one hand, remote work offers freedom. On the other, it isolates","D’un côté... de l’autre... On one hand... on the other","calques_anglais","Les_Moules_Complete_Framework.docx","book_lab","","","","","","Les_Moules_Complete_Framework.docx","table","1"
"Elle insiste pour qu'il vienne","She insists he come","calques_anglais","Annexe_Subjonctif_Exemples_Exhaustifs_Egor.docx","chadi_authored","","","","","","Annexe_Subjonctif_Exemples_Exhaustifs_Egor.docx","table","1"
"Embedded Questions","Softer, More Professional","calques_anglais","Notes de cours de Andre.docx","chadi_authored","","","","","","Notes de cours de Andre.docx","regex","2"
"En attendant que le monde change","While waiting for the world to change","calques_anglais","Annexe_Subjonctif_Exemples_Exhaustifs_Egor.docx","chadi_authored","","","","","","Annexe_Subjonctif_Exemples_Exhaustifs_Egor.docx","table","1"
"En fin de compte, ... At the end of the day","En fin de compte, c’est une question de volonté politique. At the end of the day, it’s a matter of political will","calques_anglais","Les_Moules_Complete_Framework.docx","book_lab","","","","","","Les_Moules_Complete_Framework.docx","table","1"
"En outre,…","ajouter un argument","calques_anglais","TCF_Canada___Expression_Orale_(Tâche_3)__Thèmes_courants_et_vocabulaire_essentiel.docx","chadi_authored","","","","","","TCF_Canada___Expression_Orale_(Tâche_3)__Thèmes_courants_et_vocabulaire_essentiel.docx","regex","1"
"En revanche","On the other hand","calques_anglais","Les_Moules_Complete_Framework.docx","book_lab","","","","","","Les_Moules_Complete_Framework.docx","table","1"
"Enfin / Enfin bref","Well / Anyway","calques_anglais","Les_Moules_Complete_Framework.docx","book_lab","","","","","","Les_Moules_Complete_Framework.docx","table","1"
"et pour cause","and for good reason","calques_anglais","Cause_Consequence_Methode_Eureka.docx","chadi_authored","","","","","","Cause_Consequence_Methode_Eureka.docx","table","1"
"Français (dont... article + nom","Anglais (whose + nom","calques_anglais","Notes de cours de Andre.docx","chadi_authored","","","","","","Notes de cours de Andre.docx","table","2"
"Il convient d’agir rapidement","We need to","calques_anglais","Les_Moules_Complete_Framework.docx","book_lab","","","","","","Les_Moules_Complete_Framework.docx","table","1"
"Il devait venir. Or, il n’est jamais arrivé","Introduces a surprising turn","calques_anglais","Les_Moules_Complete_Framework.docx","book_lab","","","","","","Les_Moules_Complete_Framework.docx","table","1"
"Il est bilingue, c’est-à-dire qu’il parle français et anglais. He’s bilingual, meaning he speaks French and English","C’est-à-dire que... That is to say","calques_anglais","Les_Moules_Complete_Framework.docx","book_lab","","","","","","Les_Moules_Complete_Framework.docx","table","1"
"Il est vrai que c’est coûteux, toutefois c’est nécessaire. It’s true that it’s costly; however, it’s necessary","Il est vrai que..., toutefois / cependant... It’s true that..., however","calques_anglais","Les_Moules_Complete_Framework.docx","book_lab","","","","","","Les_Moules_Complete_Framework.docx","table","1"
"Il est évident que la situation ne peut pas continuer ainsi. It’s obvious that the situation can’t continue like this","Il est évident / clair que... It’s obvious / clear that","calques_anglais","Les_Moules_Complete_Framework.docx","book_lab","","","","","","Les_Moules_Complete_Framework.docx","table","1"
"Il fait beau ; en revanche, il fait froid","Neutral contrast","calques_anglais","Les_Moules_Complete_Framework.docx","book_lab","","","","","","Les_Moules_Complete_Framework.docx","table","1"
"Il faut que je finisse ce projet","Je dois","calques_anglais","Les_Moules_Complete_Framework.docx","book_lab","","","","","","Les_Moules_Complete_Framework.docx","table","1"
"Il faut que, je pense que, c’est pourquoi, d’ailleurs, en revanche","Courant (standard","calques_anglais","Les_Moules_Complete_Framework.docx","book_lab","","","","","","Les_Moules_Complete_Framework.docx","table","1"
"Il faut reconnaître que la voiture est pratique, mais elle pollue. We must acknowledge that the car is practical, but it pollutes","Il faut reconnaître que..., mais... We must acknowledge that..., but","calques_anglais","Les_Moules_Complete_Framework.docx","book_lab","","","","","","Les_Moules_Complete_Framework.docx","table","1"
"Il me semble que cette approche est risquée","Je pense que","calques_anglais","Les_Moules_Complete_Framework.docx","book_lab","","","","","","Les_Moules_Complete_Framework.docx","table","1"
"Il paraît que le marché va s’effondrer","Les gens disent que","calques_anglais","Les_Moules_Complete_Framework.docx","book_lab","","","","","","Les_Moules_Complete_Framework.docx","table","1"
"Il s’avère que le problème est plus grave","Je crois que c’est","calques_anglais","Les_Moules_Complete_Framework.docx","book_lab","","","","","","Les_Moules_Complete_Framework.docx","table","1"
"Il étudie beaucoup, pourtant il échoue","Contradiction","calques_anglais","Les_Moules_Complete_Framework.docx","book_lab","","","","","","Les_Moules_Complete_Framework.docx","table","1"
"Instead of: “En conclusion, je pense que c’est important.”","sounds like a bad school essay","calques_anglais","Les_Moules_Complete_Framework.docx","book_lab","","","","","","Les_Moules_Complete_Framework.docx","regex","1"
"Je vais être direct avec toi — ce projet est un désastre","Je n'irai pas par quatre chemins / Sans ambages : ce projet est un désastre","calques_anglais","Egor_SExprimer_Methode_Eureka.docx","chadi_authored","","","","","","Egor_SExprimer_Methode_Eureka.docx","table","1"
"jusqu'à ce que","until","calques_anglais","Annexe_Subjonctif_Exemples_Exhaustifs_Egor.docx","chadi_authored","","","","","","Annexe_Subjonctif_Exemples_Exhaustifs_Egor.docx","table","1"
"Key distinction: Comme and puisque go at the beginning of the sentence (Comme il pleut, je reste chez moi). This is a very French construction","putting the cause BEFORE the consequence. English almost always puts the cause at the end","calques_anglais","Les_Moules_Complete_Framework.docx","book_lab","","","","","","Les_Moules_Complete_Framework.docx","regex","1"
"Le chômage a explosé. Autrement dit, un Français sur dix cherche du travail. Unemployment has exploded. In other words, one in ten French people is looking for work","Autrement dit, ... / En d’autres termes, ... In other words","calques_anglais","Les_Moules_Complete_Framework.docx","book_lab","","","","","","Les_Moules_Complete_Framework.docx","table","1"
"Le gouvernement a décidé de","Décision du gouvernement","calques_anglais","La_Nominalisation_Sena.docx","chadi_authored","","","","","","La_Nominalisation_Sena.docx","table","1"
"Les deux négociateurs continuent de parler sans s'écouter","C'est un dialogue de sourds entre les deux négociateurs","calques_anglais","Egor_SExprimer_Methode_Eureka.docx","chadi_authored","","","","","","Egor_SExprimer_Methode_Eureka.docx","table","1"
"Moi, je pense que c’est faux. Ça, c’est intéressant","Dislocation","calques_anglais","Les_Moules_Complete_Framework.docx","book_lab","","","","","","Les_Moules_Complete_Framework.docx","table","1"
"Mon patron a juste ri de moi et m'a dit d'oublier ça","Mon patron m'a ri au nez et m'a envoyé promener / sur les roses","calques_anglais","Egor_SExprimer_Methode_Eureka.docx","chadi_authored","","","","","","Egor_SExprimer_Methode_Eureka.docx","table","1"
"On a gagné grâce à lui","The cause is positive?","calques_anglais","Notes_2.docx","chadi_authored","","","","","","Notes_2.docx","table","1"
"On le voit bien avec la crise du logement : les prix ont doublé. We can clearly see this with the housing crisis: prices have doubled","On le voit bien avec... We can clearly see this with","calques_anglais","Les_Moules_Complete_Framework.docx","book_lab","","","","","","Les_Moules_Complete_Framework.docx","table","1"
"Par ailleurs","Moreover / Furthermore","calques_anglais","Les_Moules_Complete_Framework.docx","book_lab","","","","","","Les_Moules_Complete_Framework.docx","table","1"
"par conséquent","therefore / consequently / as a result","calques_anglais","Notes de cours pour Egor.docx","chadi_authored","","","","","","Notes de cours pour Egor.docx","table","3"
"Par exemple,…","illustrer un argument","calques_anglais","TCF_Canada___Expression_Orale_(Tâche_3)__Thèmes_courants_et_vocabulaire_essentiel.docx","chadi_authored","","","","","","TCF_Canada___Expression_Orale_(Tâche_3)__Thèmes_courants_et_vocabulaire_essentiel.docx","regex","1"
"Plusieurs pays ont progressé, notamment le Canada. Several countries have made progress, notably Canada","notamment... / en particulier... ... notably... / in particular","calques_anglais","Les_Moules_Complete_Framework.docx","book_lab","","","","","","Les_Moules_Complete_Framework.docx","table","1"
"pour autant","for all that, nevertheless","calques_anglais","AUTANT.docx","chadi_authored","","","","","","AUTANT.docx","table","1"
"Pour ce qui est de l’économie, la situation reste préoccupante. As far as the economy is concerned, the situation remains worrying","Pour ce qui est de... As far as... is concerned","calques_anglais","Les_Moules_Complete_Framework.docx","book_lab","","","","","","Les_Moules_Complete_Framework.docx","table","1"
"Pour conclure,…","amener la conclusion","calques_anglais","TCF_Canada___Expression_Orale_(Tâche_3)__Thèmes_courants_et_vocabulaire_essentiel.docx","chadi_authored","","","","","","TCF_Canada___Expression_Orale_(Tâche_3)__Thèmes_courants_et_vocabulaire_essentiel.docx","regex","1"
"Prenons l’exemple de la Suède, qui a instauré une taxe carbone dès 1991. Let’s take the example of Sweden, which introduced a carbon tax as early as 1991","Prenons l’exemple de... Let’s take the example of","calques_anglais","Les_Moules_Complete_Framework.docx","book_lab","","","","","","Les_Moules_Complete_Framework.docx","table","1"
"Questions Discours direct","Questions Discours indirect","calques_anglais","Notes de cours de Andre.docx","chadi_authored","","","","","","Notes de cours de Andre.docx","table","1"
"Rephrase (Il y a... qui / Certains) IL Y A des enfants qui","Some"" as subject ""Some kids like","calques_anglais","French_Articles_Course.docx","chadi_authored","","","","","","French_Articles_Course.docx","table","2"
"Sur quoi as-tu parié dans le passé, et est-ce que cela a payé ?","What have you bet on in the past, and did it pay off?","calques_anglais","15112024.docx","chadi_authored","","","","","","15112024.docx","regex","1"
"Toujours est-il que","The fact remains that","calques_anglais","Les_Moules_Complete_Framework.docx","book_lab","","","","","","Les_Moules_Complete_Framework.docx","table","1"
"Tout compte fait, ... All things considered","Tout compte fait, les avantages l’emportent sur les inconvénients. All things considered, the advantages outweigh the disadvantages","calques_anglais","Les_Moules_Complete_Framework.docx","book_lab","","","","","","Les_Moules_Complete_Framework.docx","table","1"
"Tout ça pour dire que","All this to say that... / Long story short... / The point is","calques_anglais","Notes de cours pour Egor.docx","chadi_authored","","","","","","Notes de cours pour Egor.docx","regex","1"
"Tu viens ? = Are you coming ?","Est-ce que tu viens ?","calques_anglais","Notes de cours de Andre.docx","chadi_authored","","","","","","Notes de cours de Andre.docx","table","1"
"une fenêtre de tir","_______________________","calques_anglais","Notes de cours pour Egor.docx","chadi_authored","","","","","","Notes de cours pour Egor.docx","table","2"
"une feuille de route","_______________________","calques_anglais","Notes de cours pour Egor.docx","chadi_authored","","","","","","Notes de cours pour Egor.docx","table","3"
"What happened","What was happening","calques_anglais","Notes de cours de Andre.docx","chadi_authored","","","","","","Notes de cours de Andre.docx","table","2"
"À moins que + subjonctif","unless","calques_anglais","Notes de cours pour Egor.docx","chadi_authored","","","","","","Notes de cours pour Egor.docx","regex","2"
"À mon avis","In my opinion","calques_anglais","13012025.docx","chadi_authored","semi_formel","","A2","","","13012025.docx","haiku","1"
"À mon avis, les réseaux sociaux ont plus d’inconvénients que d’avantages. In my opinion, social media has more drawbacks than advantages","À mon avis, ... / Selon moi, ... In my opinion","calques_anglais","Les_Moules_Complete_Framework.docx","book_lab","","","","","","Les_Moules_Complete_Framework.docx","table","1"
"à supposer que","assuming that","calques_anglais","Annexe_Subjonctif_Exemples_Exhaustifs_Egor.docx","chadi_authored","","","","","","Annexe_Subjonctif_Exemples_Exhaustifs_Egor.docx","table","3"
"À tel point que","to such an extent that","calques_anglais","Exercices25022025_-_answers.docx","chadi_authored","","","","","","Exercices25022025_-_answers.docx","regex","1"
"Ça se fait. / Ça ne se fait pas","Les gens font ça","calques_anglais","Les_Moules_Complete_Framework.docx","book_lab","","","","","","Les_Moules_Complete_Framework.docx","table","1"
"Ça se vend bien","Ils vendent bien","calques_anglais","Les_Moules_Complete_Framework.docx","book_lab","","","","","","Les_Moules_Complete_Framework.docx","table","1"
"Ça se voit souvent","Tu vois ça souvent","calques_anglais","Les_Moules_Complete_Framework.docx","book_lab","","","","","","Les_Moules_Complete_Framework.docx","table","1"
"Étant donné que... / Vu que... Given that","Étant donné que le chômage augmente, les gens consomment moins. Given that unemployment is rising, people are consuming less","calques_anglais","Les_Moules_Complete_Framework.docx","book_lab","","","","","","Les_Moules_Complete_Framework.docx","table","1"
"être + noun = use ""c'est","He"" for subject + noun","calques_anglais","French_Articles_Interference_Guide.docx","chadi_authored","","","","","","French_Articles_Interference_Guide.docx","table","1"
"□ Connecteurs logiques • Organiser ses idées (donc, alors, du coup, en fait) • Opposition (mais, pourtant, cependant, tandis que) • Cause et conséquence (parce que, car, puisque, c'est pourquoi) • Communication Progressive Ch. 37 • Listening: Actualité française (identifier connecteurs) • Activité: Raconter une actualité avec connecteurs","11","calques_anglais","Notes de cours de Andre.docx","chadi_authored","","","","","","Notes de cours de Andre.docx","table","1"
"✅ French Reflex Alternate: Il me semble que, je suis convaincu que, à mon avis, ce qui me frappe c’est que, j’ai l’impression que, il est évident que","❌ English Reflex Je pense que c’est bien. Je pense que c’est important. Je pense que","calques_anglais","Les_Moules_Complete_Framework.docx","book_lab","","","","","","Les_Moules_Complete_Framework.docx","table","1"
"✅ French Reflex La pollution est un problème de plus en plus grave, d’autant plus que le gouvernement ne semble prendre aucune mesure concrète pour y remédier","❌ English Reflex La pollution est grave. Le gouvernement ne fait rien. C’est un problème","calques_anglais","Les_Moules_Complete_Framework.docx","book_lab","","","","","","Les_Moules_Complete_Framework.docx","table","1"
"✅ French Reflex Reflexive: Les réseaux sociaux s’utilisent de plus en plus. / Impersonal: On utilise de plus en plus les réseaux sociaux","❌ English Reflex Active: Les gens utilisent beaucoup les réseaux sociaux","calques_anglais","Les_Moules_Complete_Framework.docx","book_lab","","","","","","Les_Moules_Complete_Framework.docx","table","1"
"✅ French Reflex Use: étant donné que, puisque, comme, vu que, du fait que, c’est dû au fait que, c’est la raison pour laquelle, ce qui entraîne","❌ English Reflex C’est difficile parce que l’économie va mal","calques_anglais","Les_Moules_Complete_Framework.docx","book_lab","","","","","","Les_Moules_Complete_Framework.docx","table","1"
"✔️ The movie I watched was great. = Le film que j’ai regardé était bon","We drop “that” → The movie that I watched","calques_anglais","Notes de cours de Andre.docx","chadi_authored","","","","","","Notes de cours de Andre.docx","regex","1"
"✗ Il a dit que son amie était arrivée hier","Common English-speaker mistake","calques_anglais","Notes de cours de Andre.docx","chadi_authored","","","","","","Notes de cours de Andre.docx","regex","2"
"attentionné(e) = thoughtful, caring","not just attentive","faux_amis","Character_and_Personality_Exercises_for_English_Speakers.docx","chadi_authored","","","","","","Character_and_Personality_Exercises_for_English_Speakers.docx","regex","1"
"En fait","Actually / In fact","faux_amis","Les_Moules_Complete_Framework.docx","book_lab","","","","","","Les_Moules_Complete_Framework.docx","table","1"
"gentil(le) = kind","not gentle!","faux_amis","Character_and_Personality_Exercises_for_English_Speakers.docx","chadi_authored","","","","","","Character_and_Personality_Exercises_for_English_Speakers.docx","regex","1"
"gueule d'enterrement","funeral face","faux_amis","Le_Comportement_Complete_Guide.docx","chadi_authored","","","","","","Le_Comportement_Complete_Guide.docx","table","1"
"imbu de soi-même","full of oneself","faux_amis","Le_Comportement_Complete_Guide.docx","chadi_authored","","","","","","Le_Comportement_Complete_Guide.docx","table","1"
"Je manque à lui","He misses me","faux_amis","12112024.docx","chadi_authored","","","","","","12112024.docx","regex","1"
"Je tiens de mes traditions familiales","I care about my family traditions","faux_amis","French_Hw1.docx","chadi_authored","","","","","","French_Hw1.docx","regex","1"
"Justement","Exactly / As it happens","faux_amis","Les_Moules_Complete_Framework.docx","book_lab","","","","","","Les_Moules_Complete_Framework.docx","table","1"
"l'artisan de","the architect of","faux_amis","Cause_Consequence_Methode_Eureka.docx","chadi_authored","","","","","","Cause_Consequence_Methode_Eureka.docx","table","1"
"Mon portable","My phone","faux_amis","cours_francais_12_02_2026.docx","chadi_authored","","","","","","cours_francais_12_02_2026.docx","table","1"
"Sa question était complètement aléatoire et sans rapport","Sa question était saugrenue / sans rapport avec le sujet traité","faux_amis","Egor_SExprimer_Methode_Eureka.docx","chadi_authored","","","","","","Egor_SExprimer_Methode_Eureka.docx","table","1"
"Tu me manques = I miss you","Me misses you","faux_amis","Notes de cours de Andre.docx","chadi_authored","","","","","","Notes de cours de Andre.docx","regex","1"
"une croûte de pain","as cheap as chips, very cheap","faux_amis","French._quantities..docx","chadi_authored","informel","","B1","","","French._quantities..docx","haiku","1"
"Venir de","To come from","faux_amis","cours_articles_11_02_2026.docx","chadi_authored","","","","","","cours_articles_11_02_2026.docx","table","1"
"à ce moment-là (at that moment","en ce moment (right now","faux_amis","Notes de cours de Andre.docx","chadi_authored","","","","","","Notes de cours de Andre.docx","table","2"
"□ Mots polysémiques - Encore/Même/Propre • Les multiples sens d'un mot selon le contexte • Encore (still/again/more), même (same/even), propre (clean/own) • Comment l'anglais traduit ces nuances • Communication Progressive Ch. 25 • Activité: Créer 3 phrases par mot avec sens différents","10","faux_amis","Notes de cours de Andre.docx","chadi_authored","","","","","","Notes de cours de Andre.docx","table","1"
"a ouvert la voie à les nouvelles réformes","","prepositions_a_de_dans_par_pour","correction_devoir.docx","chadi_authored","","","","","","correction_devoir.docx","table","1"
"a. À plus tard, je [chercher] → Je vais chercher le pain !","bread","prepositions_a_de_dans_par_pour","cours_06_02_2026.docx","chadi_authored","","","","","","cours_06_02_2026.docx","regex","1"
"Acheter quelque chose à quelqu'un","to buy something for someone","prepositions_a_de_dans_par_pour","Discours_indirect.docx","chadi_authored","","","A2","","","Discours_indirect.docx","haiku","1"
"aider à (help to","refuser de (refuse to","prepositions_a_de_dans_par_pour","matt_operation_france.docx","chadi_authored","","","","","","matt_operation_france.docx","table","1"
"Aller à (to go to","Pays / Ville","prepositions_a_de_dans_par_pour","cours_articles_11_02_2026.docx","chadi_authored","","","","","","cours_articles_11_02_2026.docx","table","1"
"amoureux / amoureuse de","in love with","prepositions_a_de_dans_par_pour","Notes de cours de Andre.docx","chadi_authored","","","","","","Notes de cours de Andre.docx","table","1"
"apprendre à (learn to","décider de (decide to","prepositions_a_de_dans_par_pour","matt_operation_france.docx","chadi_authored","","","","","","matt_operation_france.docx","table","1"
"Après de (général), quantités, expressions figées","Ø (pas d’article","prepositions_a_de_dans_par_pour","cours_articles_11_02_2026.docx","chadi_authored","","","","","","cours_articles_11_02_2026.docx","table","1"
"Après par (distribution","trois fois par jour, par semaine","prepositions_a_de_dans_par_pour","cours_articles_11_02_2026.docx","chadi_authored","","","","","","cours_articles_11_02_2026.docx","table","1"
"arriver à (manage to","promettre de (promise to","prepositions_a_de_dans_par_pour","matt_operation_france.docx","chadi_authored","","","","","","matt_operation_france.docx","table","1"
"arrêter de s'inquiéter","to stop worrying","prepositions_a_de_dans_par_pour","Discours_indirect.docx","chadi_authored","","","A2","","","Discours_indirect.docx","haiku","1"
"Ask: ""VERB + À QUI?","to whom?","prepositions_a_de_dans_par_pour","French_Object_Pronouns.docx","chadi_authored","","","","","","French_Object_Pronouns.docx","regex","1"
"assister à","attend","prepositions_a_de_dans_par_pour","French_Object_Pronouns_Complete_Guide.docx","chadi_authored","","","","","","French_Object_Pronouns_Complete_Guide.docx","table","2"
"attendre","to wait FOR","prepositions_a_de_dans_par_pour","Jack-French-Session1-20Jan2025.docx","chadi_authored","","","","","","Jack-French-Session1-20Jan2025.docx","table","3"
"Attendre (ø) — no preposition!","Wait for","prepositions_a_de_dans_par_pour","Les_Moules_Complete_Framework.docx","book_lab","","","","","","Les_Moules_Complete_Framework.docx","table","1"
"Attends-moi ! (Wait for me!) • J’attends le bus depuis 20 min. (I’ve been waiting for the bus.) • Qu’est-ce que tu attends ? (What are you waiting for?","wait for","prepositions_a_de_dans_par_pour","Notes de cours de Andre.docx","chadi_authored","","","","","","Notes de cours de Andre.docx","table","1"
"Au sujet de la réforme, il y a beaucoup à dire. On the subject of the reform, there’s a lot to say","Au sujet de... / À propos de... On the subject of","prepositions_a_de_dans_par_pour","Les_Moules_Complete_Framework.docx","book_lab","","","","","","Les_Moules_Complete_Framework.docx","table","1"
"avant de travailler","before working","prepositions_a_de_dans_par_pour","09022025.docx","chadi_authored","semi_formel","","A2","","","09022025.docx","haiku","1"
"avec","La personne avec laquelle je travaille","prepositions_a_de_dans_par_pour","Notes de cours de Andre.docx","chadi_authored","","","","","","Notes de cours de Andre.docx","table","2"
"avoir besoin","to need","prepositions_a_de_dans_par_pour","Notes de cours de Andre.docx","chadi_authored","","","","","","Notes de cours de Andre.docx","regex","1"
"avoir besoin de","to need","prepositions_a_de_dans_par_pour","French_Pronouns_Extra_Exercises.docx","chadi_authored","","","","","","French_Pronouns_Extra_Exercises.docx","table","5"
"avoir besoin DE Le portable dont j’ai besoin","chercher (no prep) Le portable que je cherche","prepositions_a_de_dans_par_pour","Notes de cours de Andre.docx","chadi_authored","","","","","","Notes de cours de Andre.docx","table","1"
"avoir de l'attachement pour","to have an attachment to, to be attached to","prepositions_a_de_dans_par_pour","Correction_devoir1.docx","chadi_authored","formel","","B2","","","Correction_devoir1.docx","haiku","1"
"avoir de l'empathie","to have empathy","prepositions_a_de_dans_par_pour","Le_Comportement_Complete_Guide.docx","chadi_authored","","","","","","Le_Comportement_Complete_Guide.docx","table","1"
"avoir du mal à","to struggle to, to have difficulty","prepositions_a_de_dans_par_pour","Exercices_21022025.docx","chadi_authored","semi_formel","","A2","","","Exercices_21022025.docx","haiku","1"
"avoir envie de","to feel like / want","prepositions_a_de_dans_par_pour","French_Pronouns_Extra_Exercises.docx","chadi_authored","","","","","","French_Pronouns_Extra_Exercises.docx","table","4"
"avoir honte de","to be ashamed of","prepositions_a_de_dans_par_pour","French_Pronouns_Extra_Exercises.docx","chadi_authored","","","","","","French_Pronouns_Extra_Exercises.docx","table","1"
"avoir l'habitude de","to be used to","prepositions_a_de_dans_par_pour","French_Pronouns_Extra_Exercises.docx","chadi_authored","","","","","","French_Pronouns_Extra_Exercises.docx","table","1"
"avoir l'intention de","to intend to","prepositions_a_de_dans_par_pour","French_Pronouns_Extra_Exercises.docx","chadi_authored","","","","","","French_Pronouns_Extra_Exercises.docx","table","3"
"avoir le temps de","to have time for","prepositions_a_de_dans_par_pour","French_Pronouns_Extra_Exercises.docx","chadi_authored","","","","","","French_Pronouns_Extra_Exercises.docx","table","1"
"avoir marre de","to be fed up with","prepositions_a_de_dans_par_pour","French_Pronouns_Extra_Exercises.docx","chadi_authored","","","","","","French_Pronouns_Extra_Exercises.docx","table","1"
"avoir peur de","to be afraid of","prepositions_a_de_dans_par_pour","French_Pronouns_Extra_Exercises.docx","chadi_authored","","","","","","French_Pronouns_Extra_Exercises.docx","table","6"
"b) conclure par","Translation: She concluded the meeting with a decision","prepositions_a_de_dans_par_pour","12112024.docx","chadi_authored","","","","","","12112024.docx","regex","1"
"b) penser à","Translation: She plans to leave tomorrow","prepositions_a_de_dans_par_pour","12112024.docx","chadi_authored","","","","","","12112024.docx","regex","1"
"bien faire attention à","to pay good attention to","prepositions_a_de_dans_par_pour","Discours_indirect.docx","chadi_authored","","","A2","","","Discours_indirect.docx","haiku","1"
"bénéfices à court terme","short-term profits","prepositions_a_de_dans_par_pour","Exercices_21022025.docx","chadi_authored","formel","","B2","","","Exercices_21022025.docx","haiku","1"
"C'est à cause de","It’s because of... / It’s due to","prepositions_a_de_dans_par_pour","Notes de cours pour Egor.docx","chadi_authored","","","","","","Notes de cours pour Egor.docx","regex","1"
"c) rêver de","Translation: She dreams of traveling","prepositions_a_de_dans_par_pour","12112024.docx","chadi_authored","","","","","","12112024.docx","regex","1"
"Ce couteau sert pour couper le pain","This knife is used for cutting bread","prepositions_a_de_dans_par_pour","French_Hw1.docx","chadi_authored","","","","","","French_Hw1.docx","regex","1"
"Ce couteau sert à couper le pain","This knife is used for cutting bread","prepositions_a_de_dans_par_pour","Completed_quiz_prepositions__1.docx","chadi_authored","","","","","","Completed_quiz_prepositions__1.docx","regex","1"
"chercher","to look FOR","prepositions_a_de_dans_par_pour","Jack-French-Session1-20Jan2025.docx","chadi_authored","","","","","","Jack-French-Session1-20Jan2025.docx","table","2"
"Chercher (ø) — no preposition!","Look for","prepositions_a_de_dans_par_pour","Les_Moules_Complete_Framework.docx","book_lab","","","","","","Les_Moules_Complete_Framework.docx","table","1"
"chez","L'ami chez lequel j'habite","prepositions_a_de_dans_par_pour","Notes de cours de Andre.docx","chadi_authored","","","","","","Notes de cours de Andre.docx","table","2"
"collaboration pour financer","collaboration to finance","prepositions_a_de_dans_par_pour","Exercices_21022025.docx","chadi_authored","formel","","B2","","","Exercices_21022025.docx","haiku","1"
"Compter sur","a) To count on","prepositions_a_de_dans_par_pour","12112024.docx","chadi_authored","","","","","","12112024.docx","table","1"
"Condamné pour avoir menti","You’re explaining motivation (legal/crime etc.)?","prepositions_a_de_dans_par_pour","Notes_2.docx","chadi_authored","","","","","","Notes_2.docx","table","1"
"Condamné pour avoir volé","pour / pour + infinitif passé","prepositions_a_de_dans_par_pour","Notes_2.docx","chadi_authored","","","","","","Notes_2.docx","table","1"
"conscient(e) de","aware of","prepositions_a_de_dans_par_pour","Notes de cours de Andre.docx","chadi_authored","","","","","","Notes de cours de Andre.docx","table","1"
"consentir à ce que","to consent to","prepositions_a_de_dans_par_pour","Annexe_Subjonctif_Exemples_Exhaustifs_Egor.docx","chadi_authored","","","","","","Annexe_Subjonctif_Exemples_Exhaustifs_Egor.docx","table","1"
"content(e) de","happy with / pleased with","prepositions_a_de_dans_par_pour","Notes de cours de Andre.docx","chadi_authored","","","","","","Notes de cours de Andre.docx","table","1"
"contrairement à","_______________________","prepositions_a_de_dans_par_pour","Notes de cours pour Egor.docx","chadi_authored","","","","","","Notes de cours pour Egor.docx","table","2"
"contre","L'adversaire contre lequel je joue","prepositions_a_de_dans_par_pour","Notes de cours de Andre.docx","chadi_authored","","","","","","Notes de cours de Andre.docx","table","2"
"contribuer à","to contribute to","prepositions_a_de_dans_par_pour","Le_Comportement_Complete_Guide.docx","chadi_authored","","","","","","Le_Comportement_Complete_Guide.docx","table","1"
"Countries: en","Je vais en Irlande","prepositions_a_de_dans_par_pour","jack_full_homework.docx","chadi_authored","","","","","","jack_full_homework.docx","regex","1"
"courir le risque de","_______________________","prepositions_a_de_dans_par_pour","Notes de cours pour Egor.docx","chadi_authored","","","","","","Notes de cours pour Egor.docx","table","2"
"croire à","believe in","prepositions_a_de_dans_par_pour","French_Object_Pronouns_Complete_Guide.docx","chadi_authored","","","","","","French_Object_Pronouns_Complete_Guide.docx","table","2"
"d'ici + durée","within","prepositions_a_de_dans_par_pour","Notes de cours pour Egor.docx","chadi_authored","","","","","","Notes de cours pour Egor.docx","regex","2"
"Dans quel secteur travaillez-vous ?","What sector do you work in?","prepositions_a_de_dans_par_pour","Jack-Speaking-Session2.docx","chadi_authored","","","","","","Jack-Speaking-Session2.docx","table","2"
"dans quelques années","in a few years","prepositions_a_de_dans_par_pour","03022025.docx","chadi_authored","informel","","A2","","","03022025.docx","haiku","1"
"dans quelques mois","in a few months","prepositions_a_de_dans_par_pour","03022025.docx","chadi_authored","informel","","A2","","","03022025.docx","haiku","1"
"DE (about/of","De quoi avez-vous besoin ?","prepositions_a_de_dans_par_pour","Notes de cours de Andre.docx","chadi_authored","","","","","","Notes de cours de Andre.docx","table","2"
"DE = By (emotions / states","PAR = By","prepositions_a_de_dans_par_pour","sumit_passive_voice.docx","chadi_authored","","","","","","sumit_passive_voice.docx","table","1"
"de manière claire et structurée","in a clear and structured manner","prepositions_a_de_dans_par_pour","Débat_N3.docx","chadi_authored","semi_formel","","B1","","","Débat_N3.docx","haiku","1"
"de mauvaises notes","bad grades","prepositions_a_de_dans_par_pour","17012025.docx","chadi_authored","semi_formel","","A2","","","17012025.docx","haiku","1"
"De quoi avez-vous besoin ?","What do you need?","prepositions_a_de_dans_par_pour","French_11.10.24.docx","chadi_authored","semi_formel","","A2","","","French_11.10.24.docx","haiku","1"
"demander","to ask FOR","prepositions_a_de_dans_par_pour","Jack-French-Session1-20Jan2025.docx","chadi_authored","","","","","","Jack-French-Session1-20Jan2025.docx","table","2"
"Demander (ø) — no preposition!","Ask for","prepositions_a_de_dans_par_pour","Les_Moules_Complete_Framework.docx","book_lab","","","","","","Les_Moules_Complete_Framework.docx","table","1"
"demander à","to ask (someone","prepositions_a_de_dans_par_pour","COI_Template.docx","chadi_authored","","","","","","COI_Template.docx","table","3"
"devoir (qqch à","Never: J'y dois ma vie","prepositions_a_de_dans_par_pour","French_Object_Pronouns_Complete_Guide.docx","chadi_authored","","","","","","French_Object_Pronouns_Complete_Guide.docx","table","2"
"devoir le succès à","to owe success to","prepositions_a_de_dans_par_pour","Le_Comportement_Complete_Guide.docx","chadi_authored","","","","","","Le_Comportement_Complete_Guide.docx","table","1"
"dire à","to say/tell to","prepositions_a_de_dans_par_pour","COI_Template.docx","chadi_authored","","","","","","COI_Template.docx","table","3"
"dire, faire, voir","No preposition","prepositions_a_de_dans_par_pour","Notes de cours de Andre.docx","chadi_authored","","","","","","Notes de cours de Andre.docx","table","2"
"Direct: ""Avec quoi est-ce que tu joues?","What are you playing with?","prepositions_a_de_dans_par_pour","Notes de cours de Andre.docx","chadi_authored","","","","","","Notes de cours de Andre.docx","regex","2"
"Direct: ""De quoi est-ce que tu parles?","What are you talking about?","prepositions_a_de_dans_par_pour","Notes de cours de Andre.docx","chadi_authored","","","","","","Notes de cours de Andre.docx","regex","2"
"Direct: ""À quoi est-ce que tu penses?","What are you thinking about?","prepositions_a_de_dans_par_pour","Notes de cours de Andre.docx","chadi_authored","","","","","","Notes de cours de Andre.docx","regex","2"
"dit d'écouter","says to listen","prepositions_a_de_dans_par_pour","Correction_devoir1.docx","chadi_authored","semi_formel","","B1","","","Correction_devoir1.docx","haiku","1"
"donner (à","Never: J'y donne du temps","prepositions_a_de_dans_par_pour","French_Object_Pronouns_Complete_Guide.docx","chadi_authored","","","","","","French_Object_Pronouns_Complete_Guide.docx","table","2"
"donner lieu à","to give rise to / to lead to","prepositions_a_de_dans_par_pour","Notes de cours pour Egor.docx","chadi_authored","","","","","","Notes de cours pour Egor.docx","table","2"
"donner matière à","to give rise to","prepositions_a_de_dans_par_pour","Cause_Consequence_Methode_Eureka.docx","chadi_authored","","","","","","Cause_Consequence_Methode_Eureka.docx","table","1"
"donner un coup de main","to give a helping hand","prepositions_a_de_dans_par_pour","Le_Comportement_Complete_Guide.docx","chadi_authored","","","","","","Le_Comportement_Complete_Guide.docx","table","1"
"donner à","to give to","prepositions_a_de_dans_par_pour","COI_Template.docx","chadi_authored","","","","","","COI_Template.docx","table","3"
"Du point de vue de","From the point of view of…","prepositions_a_de_dans_par_pour","Notes_2.docx","chadi_authored","","","","","","Notes_2.docx","table","1"
"découler de","_______________________","prepositions_a_de_dans_par_pour","Notes de cours pour Egor.docx","chadi_authored","","","","","","Notes de cours pour Egor.docx","table","2"
"Dépendre de","Depend on","prepositions_a_de_dans_par_pour","Les_Moules_Complete_Framework.docx","book_lab","","","","","","Les_Moules_Complete_Framework.docx","table","3"
"Désolé du malentendu. (Sorry for the misunderstanding.) • Désolé de vous déranger. (Sorry for bothering you.) • Je suis désolé du retard. (I’m sorry for the delay","sorry for","prepositions_a_de_dans_par_pour","Notes de cours de Andre.docx","chadi_authored","","","","","","Notes de cours de Andre.docx","table","1"
"Elle a demandé de l’aide. (She asked for help.) • Il a demandé une augmentation. (He asked for a raise.) • Demande la permission. (Ask for permission","ask for","prepositions_a_de_dans_par_pour","Notes de cours de Andre.docx","chadi_authored","","","","","","Notes de cours de Andre.docx","table","1"
"Elle rêvait de","Rêver de","prepositions_a_de_dans_par_pour","Notes de cours de Andre.docx","chadi_authored","","","","","","Notes de cours de Andre.docx","table","2"
"Elle s'intéresse à la politique","She's interested in politics","prepositions_a_de_dans_par_pour","French_Object_Pronouns.docx","chadi_authored","","","","","","French_Object_Pronouns.docx","table","1"
"Elle s’est basée sur une vraie histoire pour écrire son livre","She based her book on a true story","prepositions_a_de_dans_par_pour","Completed_quiz_prepositions__1.docx","chadi_authored","","","","","","Completed_quiz_prepositions__1.docx","regex","2"
"Elle s’exuse pour son retard","She is apologizing for being late","prepositions_a_de_dans_par_pour","French_practice_5.2.2025.docx","chadi_authored","","","","","","French_practice_5.2.2025.docx","regex","1"
"Elle écrit à ses parents","Elle leur écrit","prepositions_a_de_dans_par_pour","French_Object_Pronouns.docx","chadi_authored","","","","","","French_Object_Pronouns.docx","table","1"
"en bénéficier","to benefit from it","prepositions_a_de_dans_par_pour","Corrigé_réponses.docx","chadi_authored","semi_formel","","B1","","","Corrigé_réponses.docx","haiku","1"
"En finir avec","c) To be done with","prepositions_a_de_dans_par_pour","12112024.docx","chadi_authored","","","","","","12112024.docx","table","1"
"En qui aurais-tu confiance pour parier sur un projet ambitieux ?","Who would you trust to bet on for an ambitious project?","prepositions_a_de_dans_par_pour","15112024.docx","chadi_authored","","","","","","15112024.docx","regex","1"
"en raison de","due to / because of","prepositions_a_de_dans_par_pour","Notes de cours pour Egor.docx","chadi_authored","","","","","","Notes de cours pour Egor.docx","table","2"
"en raison de quoi","for which reason","prepositions_a_de_dans_par_pour","Exercices_21022025.docx","chadi_authored","formel","","B2","","","Exercices_21022025.docx","haiku","1"
"en supposant que","supposing that","prepositions_a_de_dans_par_pour","Annexe_Subjonctif_Exemples_Exhaustifs_Egor.docx","chadi_authored","","","","","","Annexe_Subjonctif_Exemples_Exhaustifs_Egor.docx","table","1"
"En travaillant dur, tu réussiras","by/while doing","prepositions_a_de_dans_par_pour","Les_Moules_Complete_Framework.docx","book_lab","","","","","","Les_Moules_Complete_Framework.docx","table","1"
"envisager de","_______________________","prepositions_a_de_dans_par_pour","Notes de cours pour Egor.docx","chadi_authored","","","","","","Notes de cours pour Egor.docx","table","2"
"envoyer à","to send to","prepositions_a_de_dans_par_pour","COI_Template.docx","chadi_authored","","","","","","COI_Template.docx","table","3"
"espérer","to hope FOR","prepositions_a_de_dans_par_pour","Jack-French-Session1-20Jan2025.docx","chadi_authored","","","","","","Jack-French-Session1-20Jan2025.docx","table","1"
"Espérer = to hope for Payer = to pay for Regarder = to look at","Attendre = to wait for Chercher = to look for Demander = to ask for Écouter = to listen to","prepositions_a_de_dans_par_pour","cours_francais_12_02_2026.docx","chadi_authored","","","","","","cours_francais_12_02_2026.docx","table","1"
"Est-ce que tu t’inquiètes pour l’avenir climatique ?","Do you worry about the climate future?","prepositions_a_de_dans_par_pour","15112024.docx","chadi_authored","","","","","","15112024.docx","regex","1"
"faire attention à ce que","to be careful that","prepositions_a_de_dans_par_pour","Annexe_Subjonctif_Exemples_Exhaustifs_Egor.docx","chadi_authored","","","","","","Annexe_Subjonctif_Exemples_Exhaustifs_Egor.docx","table","1"
"faire confiance à","trust (sb","prepositions_a_de_dans_par_pour","French_Object_Pronouns_Complete_Guide.docx","chadi_authored","","","","","","French_Object_Pronouns_Complete_Guide.docx","table","3"
"faire l'éloge de","_______________________","prepositions_a_de_dans_par_pour","Notes de cours pour Egor.docx","chadi_authored","","","","","","Notes de cours pour Egor.docx","table","2"
"fier / fière de","proud of","prepositions_a_de_dans_par_pour","Notes de cours de Andre.docx","chadi_authored","","","","","","Notes de cours de Andre.docx","table","1"
"Grâce à (thanks to","positive","prepositions_a_de_dans_par_pour","Exercices25022025_-_answers.docx","chadi_authored","","","","","","Exercices25022025_-_answers.docx","regex","2"
"hériter de","to inherit from","prepositions_a_de_dans_par_pour","Correction_devoir1.docx","chadi_authored","semi_formel","","B1","","","Correction_devoir1.docx","haiku","1"
"hésiter à (hesitate to","accepter de (accept to","prepositions_a_de_dans_par_pour","matt_operation_france.docx","chadi_authored","","","","","","matt_operation_france.docx","table","1"
"Il a crié par colère","par","prepositions_a_de_dans_par_pour","Notes_2.docx","chadi_authored","","","","","","Notes_2.docx","table","1"
"Il est parti sans dire au revoir","without doing","prepositions_a_de_dans_par_pour","Les_Moules_Complete_Framework.docx","book_lab","","","","","","Les_Moules_Complete_Framework.docx","table","1"
"Il est responsable du projet. (He’s responsible for the project.) • Qui est responsable de cette erreur ? (Who’s responsible?) • Tu es responsable de tes actes. (You’re responsible for your actions","responsible for","prepositions_a_de_dans_par_pour","Notes de cours de Andre.docx","chadi_authored","","","","","","Notes de cours de Andre.docx","table","1"
"Il pense à son projet","He is thinking about his project","prepositions_a_de_dans_par_pour","Completed_quiz_prepositions__1.docx","chadi_authored","","","","","","Completed_quiz_prepositions__1.docx","regex","2"
"Il se souvient de cette histoire","He remembers this story","prepositions_a_de_dans_par_pour","French_Object_Pronouns.docx","chadi_authored","","","","","","French_Object_Pronouns.docx","table","1"
"Il tient à cette montre","He's attached to this watch","prepositions_a_de_dans_par_pour","French_Object_Pronouns.docx","chadi_authored","","","","","","French_Object_Pronouns.docx","table","1"
"Il travaille dans ce bureau","He works in this office","prepositions_a_de_dans_par_pour","French_Object_Pronouns.docx","chadi_authored","","","","","","French_Object_Pronouns.docx","table","1"
"Ils imputent à lui pour cet échec","","prepositions_a_de_dans_par_pour","correction_devoir.docx","chadi_authored","","","","","","correction_devoir.docx","table","1"
"Intéressé par","Interested in","prepositions_a_de_dans_par_pour","Les_Moules_Complete_Framework.docx","book_lab","","","","","","Les_Moules_Complete_Framework.docx","table","1"
"J'ai besoin d'argent","avoir besoin de","prepositions_a_de_dans_par_pour","French_Object_Pronouns_Complete_Guide.docx","chadi_authored","","","","","","French_Object_Pronouns_Complete_Guide.docx","table","2"
"J'ai peur des araignées. → J'en ai peur","avoir peur de","prepositions_a_de_dans_par_pour","Notes de cours de Andre.docx","chadi_authored","","","","","","Notes de cours de Andre.docx","table","1"
"j'ai rendu visite à","I visited / I paid a visit to","prepositions_a_de_dans_par_pour","09022025.docx","chadi_authored","semi_formel","","B1","","","09022025.docx","haiku","1"
"J'attends pour lui","attendre","prepositions_a_de_dans_par_pour","French_Object_Pronouns_Complete_Guide.docx","chadi_authored","","","","","","French_Object_Pronouns_Complete_Guide.docx","table","2"
"J'en ai besoin","de + thing = EN","prepositions_a_de_dans_par_pour","French_Object_Pronouns.docx","chadi_authored","","","","","","French_Object_Pronouns.docx","regex","1"
"J'espère pour ça","espérer","prepositions_a_de_dans_par_pour","French_Object_Pronouns_Complete_Guide.docx","chadi_authored","","","","","","French_Object_Pronouns_Complete_Guide.docx","table","2"
"J'écoute à la musique","écouter","prepositions_a_de_dans_par_pour","French_Object_Pronouns_Complete_Guide.docx","chadi_authored","","","","","","French_Object_Pronouns_Complete_Guide.docx","table","2"
"Je cherche mes clés. (I’m looking for my keys.) • Elle cherche un emploi. (She’s looking for a job.) • Que cherchez-vous ? (What are you looking for?","look for","prepositions_a_de_dans_par_pour","Notes de cours de Andre.docx","chadi_authored","","","","","","Notes de cours de Andre.docx","table","1"
"Je cherche pour lui","chercher","prepositions_a_de_dans_par_pour","French_Object_Pronouns_Complete_Guide.docx","chadi_authored","","","","","","French_Object_Pronouns_Complete_Guide.docx","table","2"
"Je demande pour ça","demander","prepositions_a_de_dans_par_pour","French_Object_Pronouns_Complete_Guide.docx","chadi_authored","","","","","","French_Object_Pronouns_Complete_Guide.docx","table","2"
"Je la demande à Paul","demander","prepositions_a_de_dans_par_pour","French_Object_Pronouns_Complete_Guide.docx","chadi_authored","","","","","","French_Object_Pronouns_Complete_Guide.docx","table","2"
"Je le donne à Marie","donner","prepositions_a_de_dans_par_pour","French_Object_Pronouns_Complete_Guide.docx","chadi_authored","","","","","","French_Object_Pronouns_Complete_Guide.docx","table","2"
"Je les encourage à participer","encourager","prepositions_a_de_dans_par_pour","French_Object_Pronouns_Complete_Guide.docx","chadi_authored","","","","","","French_Object_Pronouns_Complete_Guide.docx","table","2"
"Je les félicite d'avoir réussi","féliciter","prepositions_a_de_dans_par_pour","French_Object_Pronouns_Complete_Guide.docx","chadi_authored","","","","","","French_Object_Pronouns_Complete_Guide.docx","table","2"
"Je les offre à maman","offrir","prepositions_a_de_dans_par_pour","French_Object_Pronouns_Complete_Guide.docx","chadi_authored","","","","","","French_Object_Pronouns_Complete_Guide.docx","table","2"
"Je les remercie d'avoir aidé","remercier","prepositions_a_de_dans_par_pour","French_Object_Pronouns_Complete_Guide.docx","chadi_authored","","","","","","French_Object_Pronouns_Complete_Guide.docx","table","2"
"Je m'habitue à ce bruit","I'm getting used to this noise","prepositions_a_de_dans_par_pour","French_Object_Pronouns.docx","chadi_authored","","","","","","French_Object_Pronouns.docx","table","1"
"Je m'occupe de ce problème. → Je m'en occupe","s'occuper de","prepositions_a_de_dans_par_pour","Notes de cours de Andre.docx","chadi_authored","","","","","","Notes de cours de Andre.docx","table","1"
"Je me sers de cet outil","se servir de","prepositions_a_de_dans_par_pour","French_Object_Pronouns_Complete_Guide.docx","chadi_authored","","","","","","French_Object_Pronouns_Complete_Guide.docx","table","2"
"Je me souviens de cette journée. → Je m'en souviens","se souvenir de","prepositions_a_de_dans_par_pour","Notes de cours de Andre.docx","chadi_authored","","","","","","Notes de cours de Andre.docx","table","1"
"Je me souviens de ça","se souvenir de","prepositions_a_de_dans_par_pour","French_Object_Pronouns_Complete_Guide.docx","chadi_authored","","","","","","French_Object_Pronouns_Complete_Guide.docx","table","2"
"Je me suis occupé de","S’occuper de To take care of","prepositions_a_de_dans_par_pour","Notes de cours de Andre.docx","chadi_authored","","","","","","Notes de cours de Andre.docx","table","1"
"Je m’excuse du retard. (I apologize for the delay.) • Excusez-moi d’être en retard. (Sorry for being late.) • Elle s’est excusée de son erreur. (She apologized for her mistake","apologize for","prepositions_a_de_dans_par_pour","Notes de cours de Andre.docx","chadi_authored","","","","","","Notes de cours de Andre.docx","table","1"
"Je parle à mon père","I'm talking to my dad","prepositions_a_de_dans_par_pour","Notes de cours de Andre.docx","chadi_authored","","","","","","Notes de cours de Andre.docx","regex","1"
"Je pense à mon père","I’m thinking about dad","prepositions_a_de_dans_par_pour","Notes de cours de Andre.docx","chadi_authored","","","","","","Notes de cours de Andre.docx","regex","1"
"Je rêve d'une grande maison. → J'en rêve","rêver de","prepositions_a_de_dans_par_pour","Notes de cours de Andre.docx","chadi_authored","","","","","","Notes de cours de Andre.docx","table","1"
"Je rêve de vacances","I dream of holidays","prepositions_a_de_dans_par_pour","French_Object_Pronouns.docx","chadi_authored","","","","","","French_Object_Pronouns.docx","table","1"
"Je suis d'accord","I agree","prepositions_a_de_dans_par_pour","13012025.docx","chadi_authored","semi_formel","","A1","","","13012025.docx","haiku","1"
"Je suis responsable de","I'm responsible for","prepositions_a_de_dans_par_pour","Jack-Speaking-Session2.docx","chadi_authored","","","","","","Jack-Speaking-Session2.docx","table","1"
"Je suis responsable de…","I'm responsible for…","prepositions_a_de_dans_par_pour","Jack_French_Class_2.docx","chadi_authored","","","","","","Jack_French_Class_2.docx","table","1"
"je suis à vous","I'm all yours, I'm available","prepositions_a_de_dans_par_pour","Le_Comportement_Complete_Guide.docx","chadi_authored","","","","","","Le_Comportement_Complete_Guide.docx","table","1"
"Je tiens à mes traditions familiales","I care about my family traditions","prepositions_a_de_dans_par_pour","Completed_quiz_prepositions__1.docx","chadi_authored","","","","","","Completed_quiz_prepositions__1.docx","regex","1"
"Je travaille dans","I work in... (sector/field","prepositions_a_de_dans_par_pour","Jack-Speaking-Session2.docx","chadi_authored","","","","","","Jack-Speaking-Session2.docx","table","1"
"Je travaille dans le domaine de…","I work in the field of… (industry/sector","prepositions_a_de_dans_par_pour","Jack_French_Class_2.docx","chadi_authored","","","","","","Jack_French_Class_2.docx","table","1"
"Je travaille dans…","I work in… (+ sector/field","prepositions_a_de_dans_par_pour","Jack_French_Class_2.docx","chadi_authored","","","","","","Jack_French_Class_2.docx","table","1"
"Je travaille pour gagner ma vie","in order to","prepositions_a_de_dans_par_pour","Les_Moules_Complete_Framework.docx","book_lab","","","","","","Les_Moules_Complete_Framework.docx","table","1"
"Je travaille à…","I work in… (+ city","prepositions_a_de_dans_par_pour","Jack_French_Class_2.docx","chadi_authored","","","","","","Jack_French_Class_2.docx","table","1"
"jouer avec, travailler avec","Verb + AVEC","prepositions_a_de_dans_par_pour","Notes de cours de Andre.docx","chadi_authored","","","","","","Notes de cours de Andre.docx","table","2"
"jouer à","play (sport/game","prepositions_a_de_dans_par_pour","French_Object_Pronouns_Complete_Guide.docx","chadi_authored","","","","","","French_Object_Pronouns_Complete_Guide.docx","table","2"
"Julie est une jeune collègue. Je trouve cette jeune collègue merveilleuse","trouver = no prep","prepositions_a_de_dans_par_pour","Notes de cours de Andre.docx","chadi_authored","","","","","","Notes de cours de Andre.docx","regex","1"
"J’ai un ami. Je suis très content de cet ami","content de","prepositions_a_de_dans_par_pour","Notes de cours de Andre.docx","chadi_authored","","","","","","Notes de cours de Andre.docx","regex","1"
"J’espère le meilleur. (I hope for the best.) • Il espère une réponse rapide. (He hopes for a quick answer.) • Espérons un miracle. (Let’s hope for a miracle","hope for","prepositions_a_de_dans_par_pour","Notes de cours de Andre.docx","chadi_authored","","","","","","Notes de cours de Andre.docx","table","1"
"J’éprouve de la colère","I feel anger","prepositions_a_de_dans_par_pour","05032025_-_Copie(1).docx","chadi_authored","","","","","","05032025_-_Copie(1).docx","regex","1"
"L'exploit dont il est capable","capable de","prepositions_a_de_dans_par_pour","Notes de cours de Andre.docx","chadi_authored","","","","","","Notes de cours de Andre.docx","table","2"
"L'importance dont je suis convaincu","l'importance de","prepositions_a_de_dans_par_pour","Notes de cours de Andre.docx","chadi_authored","","","","","","Notes de cours de Andre.docx","table","2"
"L'outil avec lequel je travaille","avec","prepositions_a_de_dans_par_pour","Notes de cours de Andre.docx","chadi_authored","","","","","","Notes de cours de Andre.docx","table","2"
"La boîte dans laquelle j'ai rangé les documents","dans","prepositions_a_de_dans_par_pour","Notes de cours de Andre.docx","chadi_authored","","","","","","Notes de cours de Andre.docx","table","2"
"La cause dont on ignore l'origine","la cause de","prepositions_a_de_dans_par_pour","Notes de cours de Andre.docx","chadi_authored","","","","","","Notes de cours de Andre.docx","table","2"
"La chose dont je suis certain","certain de","prepositions_a_de_dans_par_pour","Notes de cours de Andre.docx","chadi_authored","","","","","","Notes de cours de Andre.docx","table","2"
"La femme dont il est amoureux","amoureux de","prepositions_a_de_dans_par_pour","Notes de cours de Andre.docx","chadi_authored","","","","","","Notes de cours de Andre.docx","table","2"
"La maison que nous avons visitée est trop grande","visiter = no prep","prepositions_a_de_dans_par_pour","Notes de cours de Andre.docx","chadi_authored","","","","","","Notes de cours de Andre.docx","regex","1"
"La nouvelle dont je suis content","content de","prepositions_a_de_dans_par_pour","Notes de cours de Andre.docx","chadi_authored","","","","","","Notes de cours de Andre.docx","table","2"
"La qualité dont je me souviens","la qualité de","prepositions_a_de_dans_par_pour","Notes de cours de Andre.docx","chadi_authored","","","","","","Notes de cours de Andre.docx","table","2"
"La raison dont je t'ai parlé","la raison de","prepositions_a_de_dans_par_pour","Notes de cours de Andre.docx","chadi_authored","","","","","","Notes de cours de Andre.docx","table","2"
"la raison pour laquelle","the reason why","prepositions_a_de_dans_par_pour","Exercices_21022025.docx","chadi_authored","formel","","B1","","","Exercices_21022025.docx","haiku","1"
"Le département dont il est responsable","responsable de","prepositions_a_de_dans_par_pour","Notes de cours de Andre.docx","chadi_authored","","","","","","Notes de cours de Andre.docx","table","2"
"Le fait dont je suis sûr","sûr de","prepositions_a_de_dans_par_pour","Notes de cours de Andre.docx","chadi_authored","","","","","","Notes de cours de Andre.docx","table","2"
"le nom de","the name of","prepositions_a_de_dans_par_pour","Notes de cours de Andre.docx","chadi_authored","","","","","","Notes de cours de Andre.docx","table","1"
"Le problème dont je suis conscient","conscient de","prepositions_a_de_dans_par_pour","Notes de cours de Andre.docx","chadi_authored","","","","","","Notes de cours de Andre.docx","table","2"
"Le projet de loi a donné matière à de vifs échanges","","prepositions_a_de_dans_par_pour","correction_devoir.docx","chadi_authored","","","","","","correction_devoir.docx","table","1"
"Le projet de loi s’est soldé par un échec","","prepositions_a_de_dans_par_pour","correction_devoir.docx","chadi_authored","","","","","","correction_devoir.docx","table","1"
"Le projet pour lequel j'ai été recruté","pour","prepositions_a_de_dans_par_pour","Notes de cours de Andre.docx","chadi_authored","","","","","","Notes de cours de Andre.docx","table","2"
"Le résultat dont je suis fier","fier de","prepositions_a_de_dans_par_pour","Notes de cours de Andre.docx","chadi_authored","","","","","","Notes de cours de Andre.docx","table","2"
"Le succès dont il est jaloux","jaloux de","prepositions_a_de_dans_par_pour","Notes de cours de Andre.docx","chadi_authored","","","","","","Notes de cours de Andre.docx","table","2"
"le succès dépend de l'innovation","success depends on innovation","prepositions_a_de_dans_par_pour","Exercices.docx","chadi_authored","formel","","B1","","","Exercices.docx","haiku","1"
"Le travail dont il est satisfait","satisfait de","prepositions_a_de_dans_par_pour","Notes de cours de Andre.docx","chadi_authored","","","","","","Notes de cours de Andre.docx","table","2"
"Les contacts grâce auxquels j'ai ce poste","grâce à","prepositions_a_de_dans_par_pour","Notes de cours de Andre.docx","chadi_authored","","","","","","Notes de cours de Andre.docx","table","2"
"Les critères selon lesquels on évalue","selon","prepositions_a_de_dans_par_pour","Notes de cours de Andre.docx","chadi_authored","","","","","","Notes de cours de Andre.docx","table","2"
"Les données sans lesquelles on ne peut pas avancer","sans","prepositions_a_de_dans_par_pour","Notes de cours de Andre.docx","chadi_authored","","","","","","Notes de cours de Andre.docx","table","2"
"Les obstacles malgré lesquels on a réussi","malgré","prepositions_a_de_dans_par_pour","Notes de cours de Andre.docx","chadi_authored","","","","","","Notes de cours de Andre.docx","table","2"
"L’amie dont je suis fier habite à Lyon","fier de","prepositions_a_de_dans_par_pour","Notes de cours de Andre.docx","chadi_authored","","","","","","Notes de cours de Andre.docx","regex","1"
"manquer de correction","to lack manners","prepositions_a_de_dans_par_pour","Le_Comportement_Complete_Guide.docx","chadi_authored","","","","","","Le_Comportement_Complete_Guide.docx","table","1"
"manquer de savoir-vivre","to lack social graces","prepositions_a_de_dans_par_pour","Le_Comportement_Complete_Guide.docx","chadi_authored","","","","","","Le_Comportement_Complete_Guide.docx","table","1"
"manquer de tenue / de respect","to lack composure / respect","prepositions_a_de_dans_par_pour","Le_Comportement_Complete_Guide.docx","chadi_authored","","","","","","Le_Comportement_Complete_Guide.docx","table","1"
"Manquer à","d) To miss someone","prepositions_a_de_dans_par_pour","12112024.docx","chadi_authored","","","","","","12112024.docx","table","2"
"mener à bien","to carry out successfully / to see through","prepositions_a_de_dans_par_pour","impersonelle.docx","chadi_authored","formel","","B1","","","impersonelle.docx","haiku","1"
"Merci beaucoup de m'avoir renseigné","Thank you very much for informing me","prepositions_a_de_dans_par_pour","Réussir_la_tache_2.docx","chadi_authored","formel","","A2","","","Réussir_la_tache_2.docx","haiku","1"
"Merci de patienter","Thank you for waiting","prepositions_a_de_dans_par_pour","27102024.docx","chadi_authored","formel","","A2","","","27102024.docx","haiku","1"
"Merci d’être venu. (Thank you for coming.) • Je vous remercie de votre patience. (Thank you for your patience.) • Merci de m’avoir aidé. (Thank you for helping me","thank for","prepositions_a_de_dans_par_pour","Notes de cours de Andre.docx","chadi_authored","","","","","","Notes de cours de Andre.docx","table","1"
"mettre de la mauvaise volonté","to show bad will, to be reluctant","prepositions_a_de_dans_par_pour","Le_Comportement_Complete_Guide.docx","chadi_authored","","","","","","Le_Comportement_Complete_Guide.docx","table","1"
"mettre en confiance","to make feel confident","prepositions_a_de_dans_par_pour","Le_Comportement_Complete_Guide.docx","chadi_authored","","","","","","Le_Comportement_Complete_Guide.docx","table","1"
"mettre en doute","_______________________","prepositions_a_de_dans_par_pour","Notes de cours pour Egor.docx","chadi_authored","","","","","","Notes de cours pour Egor.docx","table","2"
"Mon entreprise est à…","My company is in… (location","prepositions_a_de_dans_par_pour","Jack_French_Class_2.docx","chadi_authored","","","","","","Jack_French_Class_2.docx","table","1"
"montrer à","to show to","prepositions_a_de_dans_par_pour","COI_Template.docx","chadi_authored","","","","","","COI_Template.docx","table","3"
"Méfie toi de ton téléphone","Be wary of your phone","prepositions_a_de_dans_par_pour","27102024.docx","chadi_authored","informel","","A2","","","27102024.docx","haiku","1"
"n'écoute pas de","don't listen to (negation with de)","prepositions_a_de_dans_par_pour","Correction_devoir1.docx","chadi_authored","","","A2","","","Correction_devoir1.docx","haiku","1"
"ne prenons pas de","don't take (negation with de)","prepositions_a_de_dans_par_pour","Correction_devoir1.docx","chadi_authored","","","A2","","","Correction_devoir1.docx","haiku","1"
"Nous avons besoin d'argent","We need money","prepositions_a_de_dans_par_pour","French_Object_Pronouns.docx","chadi_authored","","","","","","French_Object_Pronouns.docx","table","1"
"Nous comptons sur toi pour nous aider","We are counting on you to help us","prepositions_a_de_dans_par_pour","Completed_quiz_prepositions__1.docx","chadi_authored","","","","","","Completed_quiz_prepositions__1.docx","regex","2"
"Nous demandons à Pierre","Nous lui demandons","prepositions_a_de_dans_par_pour","French_Object_Pronouns.docx","chadi_authored","","","","","","French_Object_Pronouns.docx","table","1"
"Nous pensons à notre voyage","What about","prepositions_a_de_dans_par_pour","HW1-Exercices_de_grammaire.docx","chadi_authored","","","","","","HW1-Exercices_de_grammaire.docx","regex","1"
"Nous pouvons mettre sur le compte de son inexpérience","12","prepositions_a_de_dans_par_pour","correction_devoir.docx","chadi_authored","","","","","","correction_devoir.docx","table","1"
"Nous restons à la maison","We're staying home","prepositions_a_de_dans_par_pour","French_Object_Pronouns.docx","chadi_authored","","","","","","French_Object_Pronouns.docx","table","1"
"Nous réfléchissons à ce problème","We're thinking about this problem","prepositions_a_de_dans_par_pour","French_Object_Pronouns.docx","chadi_authored","","","","","","French_Object_Pronouns.docx","table","1"
"Nous sommes basés à","We're based in","prepositions_a_de_dans_par_pour","Jack-Speaking-Session2.docx","chadi_authored","","","","","","Jack-Speaking-Session2.docx","table","1"
"nuire à","to harm","prepositions_a_de_dans_par_pour","13012025.docx","chadi_authored","formel","","B1","","","13012025.docx","haiku","1"
"nuire à la créativité","to harm creativity","prepositions_a_de_dans_par_pour","Débat_N3.docx","chadi_authored","semi_formel","","B1","","","Débat_N3.docx","haiku","1"
"obéir à","obey (sb","prepositions_a_de_dans_par_pour","French_Object_Pronouns_Complete_Guide.docx","chadi_authored","","","","","","French_Object_Pronouns_Complete_Guide.docx","table","2"
"offrir à","to offer/give (gift) to","prepositions_a_de_dans_par_pour","COI_Template.docx","chadi_authored","","","","","","COI_Template.docx","table","3"
"ouvrir la voie à","to pave the way for","prepositions_a_de_dans_par_pour","Cause_Consequence_Methode_Eureka.docx","chadi_authored","","","","","","Cause_Consequence_Methode_Eureka.docx","table","1"
"par / de","by","prepositions_a_de_dans_par_pour","sumit_passive_exercises.docx","chadi_authored","","","","","","sumit_passive_exercises.docx","table","1"
"par lui-même","by himself / on his own","prepositions_a_de_dans_par_pour","09022025.docx","chadi_authored","semi_formel","","B1","","","09022025.docx","haiku","1"
"par où","Path (through where","prepositions_a_de_dans_par_pour","Notes de cours de Andre.docx","chadi_authored","","","","","","Notes de cours de Andre.docx","table","1"
"par politesse / par correction","out of politeness / courtesy","prepositions_a_de_dans_par_pour","Le_Comportement_Complete_Guide.docx","chadi_authored","","","","","","Le_Comportement_Complete_Guide.docx","table","1"
"par ricochet / l'effet domino","by ricochet / the domino effect","prepositions_a_de_dans_par_pour","Cause_Consequence_Methode_Eureka.docx","chadi_authored","","","","","","Cause_Consequence_Methode_Eureka.docx","table","1"
"Pardon, qu'entendez-vous par là","Pardon, what do you mean by that","prepositions_a_de_dans_par_pour","Réussir_la_tache_2.docx","chadi_authored","formel","","B1","","","Réussir_la_tache_2.docx","haiku","1"
"pardonner à","forgive (sb","prepositions_a_de_dans_par_pour","French_Object_Pronouns_Complete_Guide.docx","chadi_authored","","","","","","French_Object_Pronouns_Complete_Guide.docx","table","2"
"Parier sur","e) To bet on","prepositions_a_de_dans_par_pour","12112024.docx","chadi_authored","","","","","","12112024.docx","table","1"
"parler de","to talk about","prepositions_a_de_dans_par_pour","Notes de cours de Andre.docx","chadi_authored","","","","","","Notes de cours de Andre.docx","table","4"
"parler de (about","Le projet dont je parle","prepositions_a_de_dans_par_pour","Notes de cours de Andre.docx","chadi_authored","","","","","","Notes de cours de Andre.docx","table","1"
"parler de, rêver de","Verb + DE","prepositions_a_de_dans_par_pour","Notes de cours de Andre.docx","chadi_authored","","","","","","Notes de cours de Andre.docx","table","2"
"parler à","to talk to","prepositions_a_de_dans_par_pour","COI_Template.docx","chadi_authored","","","","","","COI_Template.docx","table","3"
"pas de","Je n’ai pas de temps","prepositions_a_de_dans_par_pour","cours_articles_11_02_2026.docx","chadi_authored","","","","","","cours_articles_11_02_2026.docx","table","1"
"payer","to pay FOR","prepositions_a_de_dans_par_pour","Jack-French-Session1-20Jan2025.docx","chadi_authored","","","","","","Jack-French-Session1-20Jan2025.docx","table","2"
"penser à","think about","prepositions_a_de_dans_par_pour","French_Object_Pronouns_Complete_Guide.docx","chadi_authored","","","","","","French_Object_Pronouns_Complete_Guide.docx","table","4"
"penser À ça → y penser","penser","prepositions_a_de_dans_par_pour","French_Object_Pronouns_Complete_Guide.docx","chadi_authored","","","","","","French_Object_Pronouns_Complete_Guide.docx","table","2"
"penser À → J'y pense","parler DE → J'en parle","prepositions_a_de_dans_par_pour","French_Object_Pronouns.docx","chadi_authored","","","","","","French_Object_Pronouns.docx","table","1"
"penser à, jouer à","Verb + À","prepositions_a_de_dans_par_pour","Notes de cours de Andre.docx","chadi_authored","","","","","","Notes de cours de Andre.docx","table","2"
"Places with de","coming FROM","prepositions_a_de_dans_par_pour","French_Object_Pronouns_Complete_Guide.docx","chadi_authored","","","","","","French_Object_Pronouns_Complete_Guide.docx","regex","2"
"plaider en faveur de","_______________________","prepositions_a_de_dans_par_pour","Notes de cours pour Egor.docx","chadi_authored","","","","","","Notes de cours pour Egor.docx","table","2"
"plaire à","please (sb","prepositions_a_de_dans_par_pour","French_Object_Pronouns_Complete_Guide.docx","chadi_authored","","","","","","French_Object_Pronouns_Complete_Guide.docx","table","2"
"pour","for","prepositions_a_de_dans_par_pour","Jack-French-Session1-20Jan2025.docx","chadi_authored","","","","","","Jack-French-Session1-20Jan2025.docx","table","4"
"pour peu que","if only","prepositions_a_de_dans_par_pour","Annexe_Subjonctif_Exemples_Exhaustifs_Egor.docx","chadi_authored","","","","","","Annexe_Subjonctif_Exemples_Exhaustifs_Egor.docx","table","3"
"Pour que... / Afin que","Je t’explique pour que tu comprennes","prepositions_a_de_dans_par_pour","Les_Moules_Complete_Framework.docx","book_lab","","","","","","Les_Moules_Complete_Framework.docx","table","1"
"prendre grand soin de","to take great care of","prepositions_a_de_dans_par_pour","Le_Comportement_Complete_Guide.docx","chadi_authored","","","","","","Le_Comportement_Complete_Guide.docx","table","1"
"prendre un café en terrasse","to have a coffee on the terrace","prepositions_a_de_dans_par_pour","03022025.docx","chadi_authored","informel","","A2","","","03022025.docx","haiku","1"
"profiter de","L'opportunité dont je profite","prepositions_a_de_dans_par_pour","Notes de cours de Andre.docx","chadi_authored","","","","","","Notes de cours de Andre.docx","table","3"
"Profitez de l'expérience","Enjoy the experience","prepositions_a_de_dans_par_pour","Débat_N3.docx","chadi_authored","semi_formel","","B1","","","Débat_N3.docx","haiku","1"
"projeter de","_______________________","prepositions_a_de_dans_par_pour","Notes de cours pour Egor.docx","chadi_authored","","","","","","Notes de cours pour Egor.docx","table","2"
"près DE","Composée","prepositions_a_de_dans_par_pour","Notes de cours de Andre.docx","chadi_authored","","","","","","Notes de cours de Andre.docx","table","2"
"Prépare-toi à l’examen. (Prepare for the exam.) • Je me prépare pour la réunion. (I’m preparing for the meeting.) • Préparez-vous à partir. (Get ready to leave","prepare for","prepositions_a_de_dans_par_pour","Notes de cours de Andre.docx","chadi_authored","","","","","","Notes de cours de Andre.docx","table","1"
"Quant à la question du budget, on en reparlera","Quant à","prepositions_a_de_dans_par_pour","Les_Moules_Complete_Framework.docx","book_lab","","","","","","Les_Moules_Complete_Framework.docx","table","1"
"Que cherches-tu ?","What are you looking for?","prepositions_a_de_dans_par_pour","cours_francais_12_02_2026.docx","chadi_authored","","","","","","cours_francais_12_02_2026.docx","table","1"
"Que demandes-tu ?","What are you asking for?","prepositions_a_de_dans_par_pour","cours_francais_12_02_2026.docx","chadi_authored","","","","","","cours_francais_12_02_2026.docx","table","1"
"Que payes-tu ?","What are you paying for?","prepositions_a_de_dans_par_pour","cours_francais_12_02_2026.docx","chadi_authored","","","","","","cours_francais_12_02_2026.docx","table","1"
"Que regardes-tu ?","What are you looking at?","prepositions_a_de_dans_par_pour","cours_francais_12_02_2026.docx","chadi_authored","","","","","","cours_francais_12_02_2026.docx","table","1"
"Qui paie le dîner ? (Who’s paying for dinner?) • J’ai payé les courses. (I paid for the groceries.) • Tu as payé combien ? (How much did you pay?","pay for","prepositions_a_de_dans_par_pour","Notes de cours de Andre.docx","chadi_authored","","","","","","Notes de cours de Andre.docx","table","1"
"regarder","to look AT","prepositions_a_de_dans_par_pour","Jack-French-Session1-20Jan2025.docx","chadi_authored","","","","","","Jack-French-Session1-20Jan2025.docx","table","2"
"rendre visite à","visit (sb","prepositions_a_de_dans_par_pour","French_Object_Pronouns_Complete_Guide.docx","chadi_authored","","","","","","French_Object_Pronouns_Complete_Guide.docx","table","2"
"renoncer à","give up","prepositions_a_de_dans_par_pour","French_Object_Pronouns_Complete_Guide.docx","chadi_authored","","","","","","French_Object_Pronouns_Complete_Guide.docx","table","2"
"renoncer À → J'y renonce","profiter DE → J'en profite","prepositions_a_de_dans_par_pour","French_Object_Pronouns.docx","chadi_authored","","","","","","French_Object_Pronouns.docx","table","1"
"reprocher quelque chose à quelqu'un","to criticize someone for something","prepositions_a_de_dans_par_pour","17012025.docx","chadi_authored","formel","","B1","","","17012025.docx","haiku","1"
"responsable de","responsible for","prepositions_a_de_dans_par_pour","Notes de cours de Andre.docx","chadi_authored","","","","","","Notes de cours de Andre.docx","table","1"
"ressembler à","look like (sb","prepositions_a_de_dans_par_pour","French_Object_Pronouns_Complete_Guide.docx","chadi_authored","","","","","","French_Object_Pronouns_Complete_Guide.docx","table","2"
"réfléchir à","reflect on","prepositions_a_de_dans_par_pour","French_Object_Pronouns_Complete_Guide.docx","chadi_authored","","","","","","French_Object_Pronouns_Complete_Guide.docx","table","2"
"répondre à","to answer (someone","prepositions_a_de_dans_par_pour","COI_Template.docx","chadi_authored","","","","","","COI_Template.docx","table","4"
"réussir à (succeed in","éviter de (avoid","prepositions_a_de_dans_par_pour","matt_operation_france.docx","chadi_authored","","","","","","matt_operation_france.docx","table","1"
"rêver de","to dream about","prepositions_a_de_dans_par_pour","Notes de cours de Andre.docx","chadi_authored","","","","","","Notes de cours de Andre.docx","table","3"
"rêver DE Le bus dont je rêve","attendre (no prep) Le bus que j’attends","prepositions_a_de_dans_par_pour","Notes de cours de Andre.docx","chadi_authored","","","","","","Notes de cours de Andre.docx","table","1"
"rêver de/à","dream about","prepositions_a_de_dans_par_pour","French_Object_Pronouns_Complete_Guide.docx","chadi_authored","","","","","","French_Object_Pronouns_Complete_Guide.docx","table","2"
"rêver À qqch → y rêver","rêver","prepositions_a_de_dans_par_pour","French_Object_Pronouns_Complete_Guide.docx","chadi_authored","","","","","","French_Object_Pronouns_Complete_Guide.docx","table","2"
"s'adapter à","to adapt to","prepositions_a_de_dans_par_pour","Le_Comportement_Complete_Guide.docx","chadi_authored","","","","","","Le_Comportement_Complete_Guide.docx","table","1"
"s'apercevoir de","to notice","prepositions_a_de_dans_par_pour","French_Pronouns_Extra_Exercises.docx","chadi_authored","","","","","","French_Pronouns_Extra_Exercises.docx","table","1"
"s'armer de patience","to steel oneself for patience","prepositions_a_de_dans_par_pour","Le_Comportement_Complete_Guide.docx","chadi_authored","","","","","","Le_Comportement_Complete_Guide.docx","table","1"
"s'attacher à","become attached to","prepositions_a_de_dans_par_pour","French_Object_Pronouns_Complete_Guide.docx","chadi_authored","","","","","","French_Object_Pronouns_Complete_Guide.docx","table","3"
"s'attendre à","","prepositions_a_de_dans_par_pour","French_Object_Pronouns.docx","chadi_authored","","","","","","French_Object_Pronouns.docx","table","4"
"s'attendre à = to expect","attendre = to wait (J'attends mon ami","prepositions_a_de_dans_par_pour","jack_full_homework.docx","chadi_authored","","","","","","jack_full_homework.docx","table","1"
"s'attendre à ce que","to expect that","prepositions_a_de_dans_par_pour","Annexe_Subjonctif_Exemples_Exhaustifs_Egor.docx","chadi_authored","","","","","","Annexe_Subjonctif_Exemples_Exhaustifs_Egor.docx","table","1"
"s'engager à ce que","to commit to","prepositions_a_de_dans_par_pour","Annexe_Subjonctif_Exemples_Exhaustifs_Egor.docx","chadi_authored","","","","","","Annexe_Subjonctif_Exemples_Exhaustifs_Egor.docx","table","1"
"s'exposer à un risque","_______________________","prepositions_a_de_dans_par_pour","Notes de cours pour Egor.docx","chadi_authored","","","","","","Notes de cours pour Egor.docx","table","2"
"s'habituer à","","prepositions_a_de_dans_par_pour","French_Object_Pronouns.docx","chadi_authored","","","","","","French_Object_Pronouns.docx","table","5"
"s'habituer à ce que","to get used to","prepositions_a_de_dans_par_pour","Annexe_Subjonctif_Exemples_Exhaustifs_Egor.docx","chadi_authored","","","","","","Annexe_Subjonctif_Exemples_Exhaustifs_Egor.docx","table","1"
"s'immerger dans","to immerse oneself in","prepositions_a_de_dans_par_pour","13012025.docx","chadi_authored","semi_formel","","B2","","","13012025.docx","haiku","1"
"s'immerger dans la scène","to immerse oneself in the scene","prepositions_a_de_dans_par_pour","Débat_N3.docx","chadi_authored","semi_formel","","B1","","","Débat_N3.docx","haiku","1"
"s'inquiéter de la rémunération","to worry about remuneration","prepositions_a_de_dans_par_pour","Exercices_21022025.docx","chadi_authored","formel","","B1","","","Exercices_21022025.docx","haiku","1"
"s'intéresser à","","prepositions_a_de_dans_par_pour","French_Object_Pronouns.docx","chadi_authored","","","","","","French_Object_Pronouns.docx","table","4"
"s'occuper de","Je m'en occupe","prepositions_a_de_dans_par_pour","French_Object_Pronouns.docx","chadi_authored","","","","","","French_Object_Pronouns.docx","table","6"
"s'opposer à","to oppose","prepositions_a_de_dans_par_pour","French_Pronouns_Extra_Exercises.docx","chadi_authored","","","","","","French_Pronouns_Extra_Exercises.docx","table","1"
"s'opposer à ce que","to oppose","prepositions_a_de_dans_par_pour","Annexe_Subjonctif_Exemples_Exhaustifs_Egor.docx","chadi_authored","","","","","","Annexe_Subjonctif_Exemples_Exhaustifs_Egor.docx","table","1"
"satisfaction de ses employés","employee satisfaction","prepositions_a_de_dans_par_pour","Exercices_21022025.docx","chadi_authored","formel","","B2","","","Exercices_21022025.docx","haiku","1"
"satisfait(e) de","satisfied with","prepositions_a_de_dans_par_pour","Notes de cours de Andre.docx","chadi_authored","","","","","","Notes de cours de Andre.docx","table","1"
"se charger de","to take charge of","prepositions_a_de_dans_par_pour","French_Pronouns_Extra_Exercises.docx","chadi_authored","","","","","","French_Pronouns_Extra_Exercises.docx","table","1"
"se consacrer à","to devote oneself to","prepositions_a_de_dans_par_pour","French_Pronouns_Extra_Exercises.docx","chadi_authored","","","","","","French_Pronouns_Extra_Exercises.docx","table","1"
"se distinguer de","_______________________","prepositions_a_de_dans_par_pour","Notes de cours pour Egor.docx","chadi_authored","","","","","","Notes de cours pour Egor.docx","table","2"
"Se déguiser en","b) To dress up as","prepositions_a_de_dans_par_pour","12112024.docx","chadi_authored","","","","","","12112024.docx","table","1"
"se fier à","trust / rely on","prepositions_a_de_dans_par_pour","French_Object_Pronouns_Complete_Guide.docx","chadi_authored","","","","","","French_Object_Pronouns_Complete_Guide.docx","table","4"
"se fixer pour objectif","_______________________","prepositions_a_de_dans_par_pour","Notes de cours pour Egor.docx","chadi_authored","","","","","","Notes de cours pour Egor.docx","table","2"
"se mettre en avant","to put oneself forward","prepositions_a_de_dans_par_pour","Le_Comportement_Complete_Guide.docx","chadi_authored","","","","","","Le_Comportement_Complete_Guide.docx","table","1"
"se mettre en retrait","to stay in the background","prepositions_a_de_dans_par_pour","Le_Comportement_Complete_Guide.docx","chadi_authored","","","","","","Le_Comportement_Complete_Guide.docx","table","1"
"se moquer de","to make fun of","prepositions_a_de_dans_par_pour","French_Pronouns_Extra_Exercises.docx","chadi_authored","","","","","","French_Pronouns_Extra_Exercises.docx","table","2"
"se méfier de","to be wary of","prepositions_a_de_dans_par_pour","French_Pronouns_Extra_Exercises.docx","chadi_authored","","","","","","French_Pronouns_Extra_Exercises.docx","table","1"
"se passer de","to do without","prepositions_a_de_dans_par_pour","French_Pronouns_Extra_Exercises.docx","chadi_authored","","","","","","French_Pronouns_Extra_Exercises.docx","table","2"
"se plaindre de (to complain about","Je m'en plains","prepositions_a_de_dans_par_pour","French_Object_Pronouns.docx","chadi_authored","","","","","","French_Object_Pronouns.docx","table","1"
"se préparer à","to prepare for","prepositions_a_de_dans_par_pour","French_Pronouns_Extra_Exercises.docx","chadi_authored","","","","","","French_Pronouns_Extra_Exercises.docx","table","1"
"se rendre compte de","to realize","prepositions_a_de_dans_par_pour","13012025.docx","chadi_authored","semi_formel","","B1","","","13012025.docx","haiku","1"
"se résigner à ce que","to resign oneself to","prepositions_a_de_dans_par_pour","Annexe_Subjonctif_Exemples_Exhaustifs_Egor.docx","chadi_authored","","","","","","Annexe_Subjonctif_Exemples_Exhaustifs_Egor.docx","table","1"
"se servir de","to use","prepositions_a_de_dans_par_pour","French_Pronouns_Extra_Exercises.docx","chadi_authored","","","","","","French_Pronouns_Extra_Exercises.docx","table","3"
"se servir de (to use","Je m'en sers","prepositions_a_de_dans_par_pour","French_Object_Pronouns.docx","chadi_authored","","","","","","French_Object_Pronouns.docx","table","1"
"se solder par","to result in","prepositions_a_de_dans_par_pour","Cause_Consequence_Methode_Eureka.docx","chadi_authored","","","","","","Cause_Consequence_Methode_Eureka.docx","table","1"
"se souvenir de","Je m'en souviens","prepositions_a_de_dans_par_pour","French_Object_Pronouns.docx","chadi_authored","","","","","","French_Object_Pronouns.docx","table","5"
"se traduire par / entraîner","to result in / to lead to","prepositions_a_de_dans_par_pour","Cause_Consequence_Methode_Eureka.docx","chadi_authored","","","","","","Cause_Consequence_Methode_Eureka.docx","table","1"
"Se transformer (en) / Etre basé (sur) / Consister","en","prepositions_a_de_dans_par_pour","12112024.docx","chadi_authored","","","","","","12112024.docx","regex","1"
"Sers toi de ton téléphone","Use your phone","prepositions_a_de_dans_par_pour","27102024.docx","chadi_authored","informel","","A2","","","27102024.docx","haiku","1"
"servir à","to be used for, to serve to","prepositions_a_de_dans_par_pour","Correction_devoir1.docx","chadi_authored","semi_formel","","A2","","","Correction_devoir1.docx","haiku","1"
"Ses mots sont a ravivé de vieilles blessures","","prepositions_a_de_dans_par_pour","correction_devoir.docx","chadi_authored","","","","","","correction_devoir.docx","table","1"
"sous réserve de","_______________________","prepositions_a_de_dans_par_pour","Notes de cours pour Egor.docx","chadi_authored","","","","","","Notes de cours pour Egor.docx","table","2"
"Souviens toi de ton téléphone","Remember your phone","prepositions_a_de_dans_par_pour","27102024.docx","chadi_authored","informel","","A2","","","27102024.docx","haiku","1"
"Sur qui comptes-tu le plus dans ta vie professionnelle ?","Who do you count on the most in your professional life?","prepositions_a_de_dans_par_pour","15112024.docx","chadi_authored","","","","","","15112024.docx","regex","1"
"sûr(e) de","sure of","prepositions_a_de_dans_par_pour","Notes de cours de Andre.docx","chadi_authored","","","","","","Notes de cours de Andre.docx","table","1"
"s’occuper de","to take care of","prepositions_a_de_dans_par_pour","Notes de cours de Andre.docx","chadi_authored","","","","","","Notes de cours de Andre.docx","table","2"
"tenir de","to inherit from, to take after","prepositions_a_de_dans_par_pour","Correction_devoir1.docx","chadi_authored","semi_formel","","B1","","","Correction_devoir1.docx","haiku","1"
"tenir à","care about / insist on","prepositions_a_de_dans_par_pour","French_Object_Pronouns_Complete_Guide.docx","chadi_authored","","","","","","French_Object_Pronouns_Complete_Guide.docx","table","3"
"tenir à (insist on","dire de (tell to","prepositions_a_de_dans_par_pour","matt_operation_france.docx","chadi_authored","","","","","","matt_operation_france.docx","table","1"
"tenir à ce que","to insist that","prepositions_a_de_dans_par_pour","Annexe_Subjonctif_Exemples_Exhaustifs_Egor.docx","chadi_authored","","","","","","Annexe_Subjonctif_Exemples_Exhaustifs_Egor.docx","table","1"
"tenir À → J'y tiens","avoir peur DE → J'en ai peur","prepositions_a_de_dans_par_pour","French_Object_Pronouns.docx","chadi_authored","","","","","","French_Object_Pronouns.docx","table","1"
"tirer / porter à conséquence","to have consequences","prepositions_a_de_dans_par_pour","Cause_Consequence_Methode_Eureka.docx","chadi_authored","","","","","","Cause_Consequence_Methode_Eureka.docx","table","1"
"tirer parti de","to leverage, to make use of","prepositions_a_de_dans_par_pour","Le_Comportement_Complete_Guide.docx","chadi_authored","","","","","","Le_Comportement_Complete_Guide.docx","table","1"
"trouver son origine dans","_______________________","prepositions_a_de_dans_par_pour","Notes de cours pour Egor.docx","chadi_authored","","","","","","Notes de cours pour Egor.docx","table","2"
"trouver un terrain d'entente","_______________________","prepositions_a_de_dans_par_pour","Notes de cours pour Egor.docx","chadi_authored","","","","","","Notes de cours pour Egor.docx","table","2"
"Tu parles de ce problème ?","Do you talk about this problem?","prepositions_a_de_dans_par_pour","French_Object_Pronouns.docx","chadi_authored","","","","","","French_Object_Pronouns.docx","table","1"
"Tu vas à Paris ?","Are you going to Paris?","prepositions_a_de_dans_par_pour","French_Object_Pronouns.docx","chadi_authored","","","","","","French_Object_Pronouns.docx","table","1"
"téléphoner à","to call (someone","prepositions_a_de_dans_par_pour","COI_Template.docx","chadi_authored","","","","","","COI_Template.docx","table","4"
"téléphoner à quelqu'un","to phone someone","prepositions_a_de_dans_par_pour","Discours_indirect.docx","chadi_authored","","","A2","","","Discours_indirect.docx","haiku","1"
"témoigner de","to bear witness to / to testify to","prepositions_a_de_dans_par_pour","03022025.docx","chadi_authored","formel","","B2","","","03022025.docx","haiku","1"
"une bouteille de","une bouteille d’eau","prepositions_a_de_dans_par_pour","cours_articles_11_02_2026.docx","chadi_authored","","","","","","cours_articles_11_02_2026.docx","table","1"
"une cuillère à soupe de sucre","","prepositions_a_de_dans_par_pour","French_Articles_Answer_Key.docx","chadi_authored","","","","","","French_Articles_Answer_Key.docx","table","1"
"une lampe de poche","a torch/flashlight","prepositions_a_de_dans_par_pour","Power_Cut_Matthew_A2B1.docx","chadi_authored","","","","","","Power_Cut_Matthew_A2B1.docx","table","1"
"une panne d'électricité","a power cut","prepositions_a_de_dans_par_pour","Power_Cut_Matthew_A2B1.docx","chadi_authored","","","","","","Power_Cut_Matthew_A2B1.docx","table","1"
"veiller à ce que","to make sure that","prepositions_a_de_dans_par_pour","Annexe_Subjonctif_Exemples_Exhaustifs_Egor.docx","chadi_authored","","","","","","Annexe_Subjonctif_Exemples_Exhaustifs_Egor.docx","table","1"
"venir à l'aide / au secours","to come to the aid / rescue","prepositions_a_de_dans_par_pour","Le_Comportement_Complete_Guide.docx","chadi_authored","","","","","","Le_Comportement_Complete_Guide.docx","table","1"
"Verb + À + infinitif","Verb + DE + infinitif","prepositions_a_de_dans_par_pour","matt_operation_france.docx","chadi_authored","","","","","","matt_operation_france.docx","table","1"
"verbs with “à”","verbs with “de”","prepositions_a_de_dans_par_pour","Notes de cours de Andre.docx","chadi_authored","","","","","","Notes de cours de Andre.docx","table","1"
"Vous avez aimé le musée. On a visité ce musée","visiter = no prep","prepositions_a_de_dans_par_pour","Notes de cours de Andre.docx","chadi_authored","","","","","","Notes de cours de Andre.docx","regex","1"
"with “à”","no preposition","prepositions_a_de_dans_par_pour","Notes de cours de Andre.docx","chadi_authored","","","","","","Notes de cours de Andre.docx","table","1"
"« J’ai décidé de déménager. »","","prepositions_a_de_dans_par_pour","Notes de cours de Andre.docx","chadi_authored","","","","","","Notes de cours de Andre.docx","table","1"
"à + lequel","auquel","prepositions_a_de_dans_par_pour","Notes de cours de Andre.docx","chadi_authored","","","","","","Notes de cours de Andre.docx","table","1"
"à + PERSON","lui, leur","prepositions_a_de_dans_par_pour","French_Object_Pronouns_Complete_Guide.docx","chadi_authored","","","","","","French_Object_Pronouns_Complete_Guide.docx","table","2"
"à + PERSON (emotional verbs","à + tonique","prepositions_a_de_dans_par_pour","French_Object_Pronouns_Complete_Guide.docx","chadi_authored","","","","","","French_Object_Pronouns_Complete_Guide.docx","table","2"
"à + person (penser, etc","à + tonique","prepositions_a_de_dans_par_pour","French_Object_Pronouns.docx","chadi_authored","","","","","","French_Object_Pronouns.docx","table","1"
"à + place / à + thing (penser à, s’intéresser à","","prepositions_a_de_dans_par_pour","Les_Moules_Complete_Framework.docx","book_lab","","","","","","Les_Moules_Complete_Framework.docx","table","1"
"à cause de","because of; due to","prepositions_a_de_dans_par_pour","Corrigé_réponses.docx","chadi_authored","semi_formel","","A2","","","Corrigé_réponses.docx","haiku","1"
"à condition que","on condition that","prepositions_a_de_dans_par_pour","Annexe_Subjonctif_Exemples_Exhaustifs_Egor.docx","chadi_authored","","","","","","Annexe_Subjonctif_Exemples_Exhaustifs_Egor.docx","table","3"
"à court/moyen/long terme","_______________________","prepositions_a_de_dans_par_pour","Notes de cours pour Egor.docx","chadi_authored","","","","","","Notes de cours pour Egor.docx","table","2"
"à défaut de","_______________________","prepositions_a_de_dans_par_pour","Notes de cours pour Egor.docx","chadi_authored","","","","","","Notes de cours pour Egor.docx","table","2"
"à eux/elles (to them","leur","prepositions_a_de_dans_par_pour","Matt_COD_COI_Exercises.docx","chadi_authored","","","","","","Matt_COD_COI_Exercises.docx","table","2"
"À force de","From doing X too much / Repeated cause","prepositions_a_de_dans_par_pour","Notes_2.docx","chadi_authored","","","","","","Notes_2.docx","table","1"
"à l'arrivée","upon arrival","prepositions_a_de_dans_par_pour","09022025.docx","chadi_authored","semi_formel","","B1","","","09022025.docx","haiku","1"
"à l'horizon + date","by","prepositions_a_de_dans_par_pour","Notes de cours pour Egor.docx","chadi_authored","","","","","","Notes de cours pour Egor.docx","regex","2"
"à l'image de","_______________________","prepositions_a_de_dans_par_pour","Notes de cours pour Egor.docx","chadi_authored","","","","","","Notes de cours pour Egor.docx","table","2"
"à l'instar de","_______________________","prepositions_a_de_dans_par_pour","Notes de cours pour Egor.docx","chadi_authored","","","","","","Notes de cours pour Egor.docx","table","2"
"à l'instigation de / l'instigateur","at the instigation of / the instigator","prepositions_a_de_dans_par_pour","Cause_Consequence_Methode_Eureka.docx","chadi_authored","","","","","","Cause_Consequence_Methode_Eureka.docx","table","1"
"à la lumière de","_______________________","prepositions_a_de_dans_par_pour","Notes de cours pour Egor.docx","chadi_authored","","","","","","Notes de cours pour Egor.docx","table","2"
"à ou pour","3. Prépare-toi ___ l’examen","prepositions_a_de_dans_par_pour","Notes de cours de Andre.docx","chadi_authored","","","","","","Notes de cours de Andre.docx","table","1"
"à propos DE","Composée","prepositions_a_de_dans_par_pour","Notes de cours de Andre.docx","chadi_authored","","","","","","Notes de cours de Andre.docx","table","2"
"À quoi sert","What is the purpose of, What is used for","prepositions_a_de_dans_par_pour","Correction_devoir1.docx","chadi_authored","semi_formel","","A2","","","Correction_devoir1.docx","haiku","1"
"À samedi","see you Saturday","prepositions_a_de_dans_par_pour","Introduction_to_colloquial_french.docx","chadi_authored","informel","","A2","","","Introduction_to_colloquial_french.docx","haiku","1"
"écouter","to listen TO","prepositions_a_de_dans_par_pour","Jack-French-Session1-20Jan2025.docx","chadi_authored","","","","","","Jack-French-Session1-20Jan2025.docx","table","1"
"Écouter (ø) — no preposition!","Listen to","prepositions_a_de_dans_par_pour","Les_Moules_Complete_Framework.docx","book_lab","","","","","","Les_Moules_Complete_Framework.docx","table","1"
"écrire à","to write to","prepositions_a_de_dans_par_pour","COI_Template.docx","chadi_authored","","","","","","COI_Template.docx","table","3"
"être accro à","to be addicted to","prepositions_a_de_dans_par_pour","13012025.docx","chadi_authored","informel","","B1","","","13012025.docx","haiku","1"
"être aux petits soins pour","to wait on hand and foot","prepositions_a_de_dans_par_pour","Le_Comportement_Complete_Guide.docx","chadi_authored","","","","","","Le_Comportement_Complete_Guide.docx","table","1"
"être capable de","to be capable of","prepositions_a_de_dans_par_pour","French_Pronouns_Extra_Exercises.docx","chadi_authored","","","","","","French_Pronouns_Extra_Exercises.docx","table","1"
"être certain(e) de","to be certain of","prepositions_a_de_dans_par_pour","French_Pronouns_Extra_Exercises.docx","chadi_authored","","","","","","French_Pronouns_Extra_Exercises.docx","table","1"
"être conscient(e) de","to be aware of","prepositions_a_de_dans_par_pour","French_Pronouns_Extra_Exercises.docx","chadi_authored","","","","","","French_Pronouns_Extra_Exercises.docx","table","1"
"être content de","to be pleased/happy to","prepositions_a_de_dans_par_pour","French_11.10.24.docx","chadi_authored","semi_formel","","A2","","","French_11.10.24.docx","haiku","1"
"être content(e) de","to be happy about","prepositions_a_de_dans_par_pour","French_Pronouns_Extra_Exercises.docx","chadi_authored","","","","","","French_Pronouns_Extra_Exercises.docx","table","1"
"être fatigué(e) de","to be tired of","prepositions_a_de_dans_par_pour","French_Pronouns_Extra_Exercises.docx","chadi_authored","","","","","","French_Pronouns_Extra_Exercises.docx","table","1"
"être fier/fière de","to be proud of","prepositions_a_de_dans_par_pour","French_Pronouns_Extra_Exercises.docx","chadi_authored","","","","","","French_Pronouns_Extra_Exercises.docx","table","1"
"être imbu de soi-même","to be full of oneself","prepositions_a_de_dans_par_pour","Le_Comportement_Complete_Guide.docx","chadi_authored","","","","","","Le_Comportement_Complete_Guide.docx","table","1"
"Être originaire de","To be originally from","prepositions_a_de_dans_par_pour","cours_06_02_2026.docx","chadi_authored","","","","","","cours_06_02_2026.docx","table","1"
"être responsable de","to be responsible for","prepositions_a_de_dans_par_pour","French_Pronouns_Extra_Exercises.docx","chadi_authored","","","","","","French_Pronouns_Extra_Exercises.docx","table","1"
"être satisfait(e) de","to be satisfied with","prepositions_a_de_dans_par_pour","French_Pronouns_Extra_Exercises.docx","chadi_authored","","","","","","French_Pronouns_Extra_Exercises.docx","table","1"
"être sûr(e) de","to be sure of","prepositions_a_de_dans_par_pour","French_Pronouns_Extra_Exercises.docx","chadi_authored","","","","","","French_Pronouns_Extra_Exercises.docx","table","1"
"être à court d'argent","_______________________","prepositions_a_de_dans_par_pour","Notes de cours pour Egor.docx","chadi_authored","","","","","","Notes de cours pour Egor.docx","table","2"
"être à l'origine de","to be the cause of / to be behind","prepositions_a_de_dans_par_pour","Notes de cours pour Egor.docx","chadi_authored","","","","","","Notes de cours pour Egor.docx","table","2"
"être à la hauteur","_______________________","prepositions_a_de_dans_par_pour","Notes de cours pour Egor.docx","chadi_authored","","","","","","Notes de cours pour Egor.docx","table","2"
"être à ses côtés","to be by one's side","prepositions_a_de_dans_par_pour","Le_Comportement_Complete_Guide.docx","chadi_authored","","","","","","Le_Comportement_Complete_Guide.docx","table","1"
"Ø (pas de préposition","5. Oublie ___ cette histoire","prepositions_a_de_dans_par_pour","Notes de cours de Andre.docx","chadi_authored","","","","","","Notes de cours de Andre.docx","table","1"
"⚠ Préposition : « sur les réseaux sociaux »","pas « au »","prepositions_a_de_dans_par_pour","correction_devoir.docx","chadi_authored","","","","","","correction_devoir.docx","regex","1"
"✔ aboutir À ✘ *résulter dans","result in","prepositions_a_de_dans_par_pour","Notes de cours de Andre.docx","chadi_authored","","","","","","Notes de cours de Andre.docx","table","1"
"✔ accepter DE ✘ *accepter à","accept to","prepositions_a_de_dans_par_pour","Notes de cours de Andre.docx","chadi_authored","","","","","","Notes de cours de Andre.docx","table","1"
"✔ aider À ✔ ✘ (✔ exception!","help to","prepositions_a_de_dans_par_pour","Notes de cours de Andre.docx","chadi_authored","","","","","","Notes de cours de Andre.docx","table","1"
"✔ apprendre À ✔ ✘ (✔ exception!","learn to","prepositions_a_de_dans_par_pour","Notes de cours de Andre.docx","chadi_authored","","","","","","Notes de cours de Andre.docx","table","1"
"✔ baser SUR ✔ ✘ (✔ exception!","base on","prepositions_a_de_dans_par_pour","Notes de cours de Andre.docx","chadi_authored","","","","","","Notes de cours de Andre.docx","table","1"
"✔ choisir DE ✘ *choisir à","choose to","prepositions_a_de_dans_par_pour","Notes de cours de Andre.docx","chadi_authored","","","","","","Notes de cours de Andre.docx","table","1"
"✔ commencer À ✔ ✘ (✔ exception!","begin to","prepositions_a_de_dans_par_pour","Notes de cours de Andre.docx","chadi_authored","","","","","","Notes de cours de Andre.docx","table","1"
"✔ commenter Ø ✘ *commenter sur","comment on","prepositions_a_de_dans_par_pour","Notes de cours de Andre.docx","chadi_authored","","","","","","Notes de cours de Andre.docx","table","1"
"✔ compter SUR ✔ ✘ (✔ exception!","rely on","prepositions_a_de_dans_par_pour","Notes de cours de Andre.docx","chadi_authored","","","","","","Notes de cours de Andre.docx","table","1"
"✔ content DE ✘ *content avec","pleased with","prepositions_a_de_dans_par_pour","Notes de cours de Andre.docx","chadi_authored","","","","","","Notes de cours de Andre.docx","table","1"
"✔ croire EN/À ✘ *croire dans","believe in","prepositions_a_de_dans_par_pour","Notes de cours de Andre.docx","chadi_authored","","","","","","Notes de cours de Andre.docx","table","1"
"✔ décider DE ✘ *décider à","decide to","prepositions_a_de_dans_par_pour","Notes de cours de Andre.docx","chadi_authored","","","","","","Notes de cours de Andre.docx","table","1"
"✔ dépendre DE ✘ *dépendre sur","depend on","prepositions_a_de_dans_par_pour","Notes de cours de Andre.docx","chadi_authored","","","","","","Notes de cours de Andre.docx","table","1"
"✔ en colère CONTRE ✘ *en colère avec","angry with","prepositions_a_de_dans_par_pour","Notes de cours de Andre.docx","chadi_authored","","","","","","Notes de cours de Andre.docx","table","1"
"✔ entendre parler DE ✘ *entendre au sujet de","hear about","prepositions_a_de_dans_par_pour","Notes de cours de Andre.docx","chadi_authored","","","","","","Notes de cours de Andre.docx","table","1"
"✔ essayer DE ✘ *essayer à","try to","prepositions_a_de_dans_par_pour","Notes de cours de Andre.docx","chadi_authored","","","","","","Notes de cours de Andre.docx","table","1"
"✔ féliciter DE/POUR ✘ *féliciter sur","congratulate on","prepositions_a_de_dans_par_pour","Notes de cours de Andre.docx","chadi_authored","","","","","","Notes de cours de Andre.docx","table","1"
"✔ Il est enthousiasmé par le projet","✘ Il est excité pour le projet","prepositions_a_de_dans_par_pour","Le_Briefing_v2_Comportement.docx","chadi_authored","","","","","","Le_Briefing_v2_Comportement.docx","table","1"
"✔ oublier DE ✘ *oublier à","forget to","prepositions_a_de_dans_par_pour","Notes de cours de Andre.docx","chadi_authored","","","","","","Notes de cours de Andre.docx","table","1"
"✔ oublier Ø ✘ *oublier au sujet de","forget about","prepositions_a_de_dans_par_pour","Notes de cours de Andre.docx","chadi_authored","","","","","","Notes de cours de Andre.docx","table","1"
"✔ parler DE ✘ *parler sur","talk about","prepositions_a_de_dans_par_pour","Notes de cours de Andre.docx","chadi_authored","","","","","","Notes de cours de Andre.docx","table","1"
"✔ participer À ✘ *participer dans","participate in","prepositions_a_de_dans_par_pour","Notes de cours de Andre.docx","chadi_authored","","","","","","Notes de cours de Andre.docx","table","1"
"✔ penser À ✘ *penser au sujet de","think about","prepositions_a_de_dans_par_pour","Notes de cours de Andre.docx","chadi_authored","","","","","","Notes de cours de Andre.docx","table","1"
"✔ promettre DE ✘ *promettre à","promise to","prepositions_a_de_dans_par_pour","Notes de cours de Andre.docx","chadi_authored","","","","","","Notes de cours de Andre.docx","table","1"
"✔ protéger CONTRE/DE ✘ *protéger de (≈OK","protect from","prepositions_a_de_dans_par_pour","Notes de cours de Andre.docx","chadi_authored","","","","","","Notes de cours de Andre.docx","table","1"
"✔ refuser DE ✘ *refuser à","refuse to","prepositions_a_de_dans_par_pour","Notes de cours de Andre.docx","chadi_authored","","","","","","Notes de cours de Andre.docx","table","1"
"✔ reprocher À ✘ *reprocher sur","blame on","prepositions_a_de_dans_par_pour","Notes de cours de Andre.docx","chadi_authored","","","","","","Notes de cours de Andre.docx","table","1"
"✔ réussir À ✘ *réussir dans","succeed in","prepositions_a_de_dans_par_pour","Notes de cours de Andre.docx","chadi_authored","","","","","","Notes de cours de Andre.docx","table","1"
"✔ rêver DE ✘ *rêver au sujet de","dream about","prepositions_a_de_dans_par_pour","Notes de cours de Andre.docx","chadi_authored","","","","","","Notes de cours de Andre.docx","table","1"
"✔ satisfait DE ✘ *satisfait avec","satisfied with","prepositions_a_de_dans_par_pour","Notes de cours de Andre.docx","chadi_authored","","","","","","Notes de cours de Andre.docx","table","1"
"✔ se concentrer SUR ✔ ✘ (✔ exception!","focus on","prepositions_a_de_dans_par_pour","Notes de cours de Andre.docx","chadi_authored","","","","","","Notes de cours de Andre.docx","table","1"
"✔ se décider POUR ✘ *décider sur","decide on","prepositions_a_de_dans_par_pour","Notes de cours de Andre.docx","chadi_authored","","","","","","Notes de cours de Andre.docx","table","1"
"✔ se plaindre DE ✘ *se plaindre sur","complain about","prepositions_a_de_dans_par_pour","Notes de cours de Andre.docx","chadi_authored","","","","","","Notes de cours de Andre.docx","table","1"
"✔ se soucier DE ✘ *se soucier au sujet de","care about","prepositions_a_de_dans_par_pour","Notes de cours de Andre.docx","chadi_authored","","","","","","Notes de cours de Andre.docx","table","1"
"✔ se spécialiser EN ✘ *se spécialiser dans (≈OK","specialize in","prepositions_a_de_dans_par_pour","Notes de cours de Andre.docx","chadi_authored","","","","","","Notes de cours de Andre.docx","table","1"
"✔ souffrir DE ✔ ✘ (✔ match!","suffer from","prepositions_a_de_dans_par_pour","Notes de cours de Andre.docx","chadi_authored","","","","","","Notes de cours de Andre.docx","table","1"
"✔ s’inquiéter DE ✘ *s’inquiéter sur","worry about","prepositions_a_de_dans_par_pour","Notes de cours de Andre.docx","chadi_authored","","","","","","Notes de cours de Andre.docx","table","1"
"✔ vivre DE ✘ *vivre sur","live on","prepositions_a_de_dans_par_pour","Notes de cours de Andre.docx","chadi_authored","","","","","","Notes de cours de Andre.docx","table","1"
"✔ être curieux DE ✘ *être curieux au sujet de","be curious about","prepositions_a_de_dans_par_pour","Notes de cours de Andre.docx","chadi_authored","","","","","","Notes de cours de Andre.docx","table","1"
"✔ être enthousiaste À l’idée DE ✘ *être excité au sujet de","be excited about","prepositions_a_de_dans_par_pour","Notes de cours de Andre.docx","chadi_authored","","","","","","Notes de cours de Andre.docx","table","1"
"➡️ Il pense à son avenir","He is thinking about his future","prepositions_a_de_dans_par_pour","Completed_quiz_prepositions__1.docx","chadi_authored","","","","","","Completed_quiz_prepositions__1.docx","regex","2"
