"chunk_fr","chunk_en","topic_slug","source","source_type","register","exam_tag","cefr_level","review_status","review_notes","source_file","extractor","dup_count"
"A quoi est-ce-qui intéresse lui ? (correction","A quoi est-ce qu’il s’interesse","OTHER_IN_SCOPE_TEACHABLE","Completed_quiz_prepositions__1.docx","chadi_authored","","","","","","Completed_quiz_prepositions__1.docx","regex","1"
"accord avec le participe passé","agreement with the past participle","OTHER_IN_SCOPE_TEACHABLE","Correction_devoir1.docx","chadi_authored","formel","","B2","","","Correction_devoir1.docx","haiku","1"
"Admis","Admettre","OTHER_IN_SCOPE_TEACHABLE","Notes de cours de Andre.docx","chadi_authored","","","","","","Notes de cours de Andre.docx","table","1"
"Aller (to go","Venir (to come","OTHER_IN_SCOPE_TEACHABLE","Notes de cours de Andre.docx","chadi_authored","","","","","","Notes de cours de Andre.docx","table","2"
"Appartenu","Appartenir","OTHER_IN_SCOPE_TEACHABLE","Notes de cours de Andre.docx","chadi_authored","","","","","","Notes de cours de Andre.docx","table","1"
"Appris","Apprendre","OTHER_IN_SCOPE_TEACHABLE","Notes de cours de Andre.docx","chadi_authored","","","","","","Notes de cours de Andre.docx","table","2"
"Après avoir mangé, on est sortis","after having done","OTHER_IN_SCOPE_TEACHABLE","Les_Moules_Complete_Framework.docx","book_lab","","","","","","Les_Moules_Complete_Framework.docx","table","1"
"arriver Penser (to think","Passer Comprendre","OTHER_IN_SCOPE_TEACHABLE","Notes de cours de Andre.docx","chadi_authored","","","","","","Notes de cours de Andre.docx","table","1"
"Asseyez-VOUS!","Ne VOUS asseyez pas!","OTHER_IN_SCOPE_TEACHABLE","Notes de cours de Andre.docx","chadi_authored","","","","","","Notes de cours de Andre.docx","table","2"
"Au fond","Deep down / Fundamentally","OTHER_IN_SCOPE_TEACHABLE","Les_Moules_Complete_Framework.docx","book_lab","","","","","","Les_Moules_Complete_Framework.docx","table","1"
"auquel","lequel","OTHER_IN_SCOPE_TEACHABLE","Notes de cours de Andre.docx","chadi_authored","","","","","","Notes de cours de Andre.docx","table","3"
"autant de... que de","as many... as","OTHER_IN_SCOPE_TEACHABLE","AUTANT.docx","chadi_authored","","","","","","AUTANT.docx","table","1"
"autant pour moi","my mistake (informal","OTHER_IN_SCOPE_TEACHABLE","AUTANT.docx","chadi_authored","","","","","","AUTANT.docx","table","1"
"autour d'un verre","over a drink","OTHER_IN_SCOPE_TEACHABLE","Introduction_to_colloquial_french.docx","chadi_authored","semi_formel","","B1","","","Introduction_to_colloquial_french.docx","haiku","1"
"autour de","Les collègues autour desquels je travaille","OTHER_IN_SCOPE_TEACHABLE","Notes de cours de Andre.docx","chadi_authored","","","","","","Notes de cours de Andre.docx","table","2"
"auxquelles","lesquelles","OTHER_IN_SCOPE_TEACHABLE","Notes de cours de Andre.docx","chadi_authored","","","","","","Notes de cours de Andre.docx","table","3"
"auxquels","lesquels","OTHER_IN_SCOPE_TEACHABLE","Notes de cours de Andre.docx","chadi_authored","","","","","","Notes de cours de Andre.docx","table","3"
"Avant de partir, j’ai vérifié mon sac","before doing","OTHER_IN_SCOPE_TEACHABLE","Les_Moules_Complete_Framework.docx","book_lab","","","","","","Les_Moules_Complete_Framework.docx","table","1"
"Avec quel collègue t’es-tu bien entendu(e) dans ton dernier emploi ?","With which colleague did you get along well at your last job?","OTHER_IN_SCOPE_TEACHABLE","15112024.docx","chadi_authored","","","","","","15112024.docx","regex","1"
"avoir besoin de (to need","J'en ai besoin","OTHER_IN_SCOPE_TEACHABLE","French_Object_Pronouns.docx","chadi_authored","","","","","","French_Object_Pronouns.docx","table","1"
"avoir chaud","to feel hot","OTHER_IN_SCOPE_TEACHABLE","Notes de cours de Andre.docx","chadi_authored","","","","","","Notes de cours de Andre.docx","regex","1"
"avoir envie","to want","OTHER_IN_SCOPE_TEACHABLE","Notes de cours de Andre.docx","chadi_authored","","","","","","Notes de cours de Andre.docx","regex","1"
"avoir froid","to feel cold","OTHER_IN_SCOPE_TEACHABLE","Notes de cours de Andre.docx","chadi_authored","","","","","","Notes de cours de Andre.docx","regex","1"
"B1 (noun repetition) J’aime Paris. Je vais à Paris chaque année. J’ai des amis à Paris","B2+ (pronoun replacement) J’aime Paris. J’y vais chaque année et j’y ai beaucoup d’amis","OTHER_IN_SCOPE_TEACHABLE","Les_Moules_Complete_Framework.docx","book_lab","","","","","","Les_Moules_Complete_Framework.docx","table","1"
"B1 J’ai parlé à mon patron. Mon patron a dit oui","B2+ J’ai parlé à mon patron. Il m’a dit oui. / Je lui ai parlé. Il a dit oui","OTHER_IN_SCOPE_TEACHABLE","Les_Moules_Complete_Framework.docx","book_lab","","","","","","Les_Moules_Complete_Framework.docx","table","1"
"B1 Tu as besoin de ce livre ? Oui, j’ai besoin de ce livre","B2+ Tu as besoin de ce livre ? Oui, j’en ai besoin","OTHER_IN_SCOPE_TEACHABLE","Les_Moules_Complete_Framework.docx","book_lab","","","","","","Les_Moules_Complete_Framework.docx","table","1"
"Bare noun (if non-specific) J'ai besoin D'argent","Article after ""need"" ""I need THE money","OTHER_IN_SCOPE_TEACHABLE","French_Articles_Course.docx","chadi_authored","","","","","","French_Articles_Course.docx","table","2"
"beaucoup d'opportunités","many opportunities","OTHER_IN_SCOPE_TEACHABLE","09022025.docx","chadi_authored","semi_formel","","B1","","","09022025.docx","haiku","1"
"Bien que... / Quoique","Bien qu’il soit fatigué, il continue","OTHER_IN_SCOPE_TEACHABLE","Les_Moules_Complete_Framework.docx","book_lab","","","","","","Les_Moules_Complete_Framework.docx","table","1"
"blanche","blanc","OTHER_IN_SCOPE_TEACHABLE","Notes de cours de Andre.docx","chadi_authored","","","","","","Notes de cours de Andre.docx","table","2"
"Body parts = definite article","Possessive for body","OTHER_IN_SCOPE_TEACHABLE","French_Articles_Interference_Guide.docx","chadi_authored","","","","","","French_Articles_Interference_Guide.docx","table","1"
"C'est un ami","Il est content","OTHER_IN_SCOPE_TEACHABLE","French_Articles_Course.docx","chadi_authored","","","","","","French_Articles_Course.docx","table","2"
"C'est un vrai moulin à paroles / Il est bavard comme une pie","Il parle tellement — une fois qu'il commence, on ne peut pas l'arrêter","OTHER_IN_SCOPE_TEACHABLE","Egor_SExprimer_Methode_Eureka.docx","chadi_authored","","","","","","Egor_SExprimer_Methode_Eureka.docx","table","1"
"C'est une musicienne douée","Elle est intelligente","OTHER_IN_SCOPE_TEACHABLE","French_Articles_Course.docx","chadi_authored","","","","","","French_Articles_Course.docx","table","2"
"C'était juste une conversation décontractée — on sautait de sujet en sujet","C'était une conversation à bâtons rompus — on digressait d'un sujet à l'autre","OTHER_IN_SCOPE_TEACHABLE","Egor_SExprimer_Methode_Eureka.docx","chadi_authored","","","","","","Egor_SExprimer_Methode_Eureka.docx","table","1"
"Ce / Cet / Cette / Ces","need to be followed with a noun","OTHER_IN_SCOPE_TEACHABLE","Notes de cours de Andre.docx","chadi_authored","","","","","","Notes de cours de Andre.docx","regex","1"
"ce contre quoi","What I'm fighting against","OTHER_IN_SCOPE_TEACHABLE","Notes de cours de Andre.docx","chadi_authored","","","","","","Notes de cours de Andre.docx","table","2"
"Ce dont il est question","What's being discussed","OTHER_IN_SCOPE_TEACHABLE","Notes de cours de Andre.docx","chadi_authored","","","","","","Notes de cours de Andre.docx","table","2"
"Ce dont il s'agit","What it's about","OTHER_IN_SCOPE_TEACHABLE","Notes de cours de Andre.docx","chadi_authored","","","","","","Notes de cours de Andre.docx","table","2"
"Ce dont j'ai besoin","What I need","OTHER_IN_SCOPE_TEACHABLE","Notes de cours de Andre.docx","chadi_authored","","","","","","Notes de cours de Andre.docx","table","2"
"Ce dont j'ai peur","What I'm afraid of","OTHER_IN_SCOPE_TEACHABLE","Notes de cours de Andre.docx","chadi_authored","","","","","","Notes de cours de Andre.docx","table","2"
"Ce dont je me souviens","What I remember","OTHER_IN_SCOPE_TEACHABLE","Notes de cours de Andre.docx","chadi_authored","","","","","","Notes de cours de Andre.docx","table","2"
"Ce dont je parle","What I'm talking about","OTHER_IN_SCOPE_TEACHABLE","Notes de cours de Andre.docx","chadi_authored","","","","","","Notes de cours de Andre.docx","table","2"
"Ce dont je suis fier","What I'm proud of","OTHER_IN_SCOPE_TEACHABLE","Notes de cours de Andre.docx","chadi_authored","","","","","","Notes de cours de Andre.docx","table","2"
"Ce dont tu rêves","What you dream of","OTHER_IN_SCOPE_TEACHABLE","Notes de cours de Andre.docx","chadi_authored","","","","","","Notes de cours de Andre.docx","table","2"
"ce en quoi","What I believe in","OTHER_IN_SCOPE_TEACHABLE","Notes de cours de Andre.docx","chadi_authored","","","","","","Notes de cours de Andre.docx","table","2"
"ce grâce à quoi","What enabled me to succeed","OTHER_IN_SCOPE_TEACHABLE","Notes de cours de Andre.docx","chadi_authored","","","","","","Notes de cours de Andre.docx","table","2"
"ce jour-là (that day","aujourd'hui (today","OTHER_IN_SCOPE_TEACHABLE","Notes de cours de Andre.docx","chadi_authored","","","","","","Notes de cours de Andre.docx","table","2"
"ce matin-là (that morning","ce matin (this morning","OTHER_IN_SCOPE_TEACHABLE","Notes de cours de Andre.docx","chadi_authored","","","","","","Notes de cours de Andre.docx","table","2"
"ce mois-là (that month","ce mois-ci (this month","OTHER_IN_SCOPE_TEACHABLE","Notes de cours de Andre.docx","chadi_authored","","","","","","Notes de cours de Andre.docx","table","2"
"ce par quoi","What we need to start with","OTHER_IN_SCOPE_TEACHABLE","Notes de cours de Andre.docx","chadi_authored","","","","","","Notes de cours de Andre.docx","table","2"
"ce pour quoi","What I'm working for","OTHER_IN_SCOPE_TEACHABLE","Notes de cours de Andre.docx","chadi_authored","","","","","","Notes de cours de Andre.docx","table","2"
"Ce qu'à Dieu ne plaise !","God forbid!","OTHER_IN_SCOPE_TEACHABLE","Annexe_Subjonctif_Exemples_Exhaustifs_Egor.docx","chadi_authored","","","","","","Annexe_Subjonctif_Exemples_Exhaustifs_Egor.docx","table","1"
"Ce qui me dérange","What’s bothering me is .. ?","OTHER_IN_SCOPE_TEACHABLE","Notes de cours de Andre.docx","chadi_authored","","","","","","Notes de cours de Andre.docx","table","1"
"Ce qui m’énerve, c’est qu’on ne fait rien","Ce qui/ce que + c’est","OTHER_IN_SCOPE_TEACHABLE","Les_Moules_Complete_Framework.docx","book_lab","","","","","","Les_Moules_Complete_Framework.docx","table","1"
"ce sans quoi","That without which nothing works","OTHER_IN_SCOPE_TEACHABLE","Notes de cours de Andre.docx","chadi_authored","","","","","","Notes de cours de Andre.docx","table","2"
"ce soir-là (that evening","ce soir (this evening","OTHER_IN_SCOPE_TEACHABLE","Notes de cours de Andre.docx","chadi_authored","","","","","","Notes de cours de Andre.docx","table","2"
"ce sur quoi","What I'm counting on","OTHER_IN_SCOPE_TEACHABLE","Notes de cours de Andre.docx","chadi_authored","","","","","","Notes de cours de Andre.docx","table","2"
"Celle","Celui","OTHER_IN_SCOPE_TEACHABLE","Notes de cours de Andre.docx","chadi_authored","","","","","","Notes de cours de Andre.docx","table","1"
"Celle-ci","Celui-ci","OTHER_IN_SCOPE_TEACHABLE","Notes de cours de Andre.docx","chadi_authored","","","","","","Notes de cours de Andre.docx","table","1"
"Celle-là","Celle","OTHER_IN_SCOPE_TEACHABLE","Notes de cours de Andre.docx","chadi_authored","","","","","","Notes de cours de Andre.docx","table","1"
"Celles","Ceux","OTHER_IN_SCOPE_TEACHABLE","Notes de cours de Andre.docx","chadi_authored","","","","","","Notes de cours de Andre.docx","table","1"
"Celles-ci","Ceux-ci","OTHER_IN_SCOPE_TEACHABLE","Notes de cours de Andre.docx","chadi_authored","","","","","","Notes de cours de Andre.docx","table","1"
"Celles-là","Celles","OTHER_IN_SCOPE_TEACHABLE","Notes de cours de Andre.docx","chadi_authored","","","","","","Notes de cours de Andre.docx","table","1"
"Celui en rouge est le mien = The one in red is mine Ceux qui parlent français = Those who speak French Ceux qui ne parlent pas français = Those who don’t speak French","Celui","OTHER_IN_SCOPE_TEACHABLE","Notes de cours de Andre.docx","chadi_authored","","","","","","Notes de cours de Andre.docx","table","1"
"Celui-là","Celui","OTHER_IN_SCOPE_TEACHABLE","Notes de cours de Andre.docx","chadi_authored","","","","","","Notes de cours de Andre.docx","table","1"
"cette année-là (that year","cette année (this year","OTHER_IN_SCOPE_TEACHABLE","Notes de cours de Andre.docx","chadi_authored","","","","","","Notes de cours de Andre.docx","table","2"
"Cette querelle est le ferment de la discorde dans la famille","","OTHER_IN_SCOPE_TEACHABLE","correction_devoir.docx","chadi_authored","","","","","","correction_devoir.docx","table","1"
"Ceux-là","Ceux","OTHER_IN_SCOPE_TEACHABLE","Notes de cours de Andre.docx","chadi_authored","","","","","","Notes de cours de Andre.docx","table","1"
"Choisi","Choisir","OTHER_IN_SCOPE_TEACHABLE","Notes de cours de Andre.docx","chadi_authored","","","","","","Notes de cours de Andre.docx","table","2"
"choisir","to choose","OTHER_IN_SCOPE_TEACHABLE","Jack-French-Session1-20Jan2025.docx","chadi_authored","","","","","","Jack-French-Session1-20Jan2025.docx","table","2"
"COD (Complément d'Objet Direct","Direct Object Pronouns: me, te, le, la, nous, vous, les","OTHER_IN_SCOPE_TEACHABLE","French_Object_Pronouns.docx","chadi_authored","","","","","","French_Object_Pronouns.docx","regex","1"
"COI (Complément d'Objet Indirect","Indirect Object Pronouns: me, te, lui, nous, vous, leur","OTHER_IN_SCOPE_TEACHABLE","French_Object_Pronouns.docx","chadi_authored","","","","","","French_Object_Pronouns.docx","regex","1"
"COMBIEN how much/how many","Combien est-ce que ça coûte ?","OTHER_IN_SCOPE_TEACHABLE","Notes de cours de Andre.docx","chadi_authored","","","","","","Notes de cours de Andre.docx","table","1"
"COMMENT how","Comment est-ce que tu fais ?","OTHER_IN_SCOPE_TEACHABLE","Notes de cours de Andre.docx","chadi_authored","","","","","","Notes de cours de Andre.docx","table","1"
"Compris","Comprendre","OTHER_IN_SCOPE_TEACHABLE","Notes de cours de Andre.docx","chadi_authored","","","","","","Notes de cours de Andre.docx","table","2"
"Compromis","Compromettre","OTHER_IN_SCOPE_TEACHABLE","Notes de cours de Andre.docx","chadi_authored","","","","","","Notes de cours de Andre.docx","table","1"
"Contenu","Contenir","OTHER_IN_SCOPE_TEACHABLE","Notes de cours de Andre.docx","chadi_authored","","","","","","Notes de cours de Andre.docx","table","1"
"contrat de travail","employment contract","OTHER_IN_SCOPE_TEACHABLE","Réussir_la_tache_2.docx","chadi_authored","formel","","B1","","","Réussir_la_tache_2.docx","haiku","1"
"critères importants pour attirer","important criteria for attracting","OTHER_IN_SCOPE_TEACHABLE","Exercices_21022025.docx","chadi_authored","formel","","B2","","","Exercices_21022025.docx","haiku","1"
"C’est LUI qui m’a dit ça. C’est CE livre que je cherche","Cleft sentence","OTHER_IN_SCOPE_TEACHABLE","Les_Moules_Complete_Framework.docx","book_lab","","","","","","Les_Moules_Complete_Framework.docx","table","1"
"C’est quand même impressionnant","Despite everything (spoken","OTHER_IN_SCOPE_TEACHABLE","Les_Moules_Complete_Framework.docx","book_lab","","","","","","Les_Moules_Complete_Framework.docx","table","1"
"C’est... disons que c’est une situation compliquée. It’s... let’s say it’s a complicated situation","Disons que... / Comment dire... Let’s say... / How shall I put it","OTHER_IN_SCOPE_TEACHABLE","Les_Moules_Complete_Framework.docx","book_lab","","","","","","Les_Moules_Complete_Framework.docx","table","1"
"D'accord","okay","OTHER_IN_SCOPE_TEACHABLE","Introduction_to_colloquial_french.docx","chadi_authored","semi_formel","","A1","","","Introduction_to_colloquial_french.docx","haiku","2"
"d'autant plus que","all the more because","OTHER_IN_SCOPE_TEACHABLE","Notes de cours pour Egor.docx","chadi_authored","","","","","","Notes de cours pour Egor.docx","regex","2"
"d'autant plus/moins (que","all the more/less (because","OTHER_IN_SCOPE_TEACHABLE","AUTANT.docx","chadi_authored","","","","","","AUTANT.docx","table","1"
"d'autrefois","from days gone by / of old","OTHER_IN_SCOPE_TEACHABLE","03022025.docx","chadi_authored","semi_formel","","B1","","","03022025.docx","haiku","1"
"Dans ce pays, les journalistes sont réduits au silence","Dans ce pays, la presse est muselée / bâillonnée","OTHER_IN_SCOPE_TEACHABLE","Egor_SExprimer_Methode_Eureka.docx","chadi_authored","","","","","","Egor_SExprimer_Methode_Eureka.docx","table","1"
"de crainte que","Elle se tait de crainte qu'on ne l'entende","OTHER_IN_SCOPE_TEACHABLE","Annexe_Subjonctif_Exemples_Exhaustifs_Egor.docx","chadi_authored","","","","","","Annexe_Subjonctif_Exemples_Exhaustifs_Egor.docx","table","1"
"de peur que","Il court de peur qu'on ne le voie","OTHER_IN_SCOPE_TEACHABLE","Annexe_Subjonctif_Exemples_Exhaustifs_Egor.docx","chadi_authored","","","","","","Annexe_Subjonctif_Exemples_Exhaustifs_Egor.docx","table","1"
"De quoi","ce dont","OTHER_IN_SCOPE_TEACHABLE","Notes de cours de Andre.docx","chadi_authored","","","","","","Notes de cours de Andre.docx","table","2"
"De quoi est ce que","ce dont","OTHER_IN_SCOPE_TEACHABLE","Notes de cours de Andre.docx","chadi_authored","","","","","","Notes de cours de Andre.docx","table","1"
"De quoi t’es-tu déjà servi(e) pour résoudre un problème technique ?","What have you used to solve a technical problem before?","OTHER_IN_SCOPE_TEACHABLE","15112024.docx","chadi_authored","","","","","","15112024.docx","regex","1"
"Definite article (le/la/les) J'aime LA musique","No article for categories ""I love music","OTHER_IN_SCOPE_TEACHABLE","French_Articles_Course.docx","chadi_authored","","","","","","French_Articles_Course.docx","table","2"
"Definite article Je ferme LES yeux","Possessive for body parts ""I close MY eyes","OTHER_IN_SCOPE_TEACHABLE","French_Articles_Course.docx","chadi_authored","","","","","","French_Articles_Course.docx","table","2"
"Demander une date de fin","« C'est prévu pour combien de temps encore ? Si je sais que ça se termine bientôt, c'est plus facile. »","OTHER_IN_SCOPE_TEACHABLE","DELF_B1_Complet.docx","chadi_authored","","","","","","DELF_B1_Complet.docx","table","2"
"desservi par les transports en commun","served by public transport","OTHER_IN_SCOPE_TEACHABLE","Réussir_la_tache_2.docx","chadi_authored","semi_formel","","B1","","","Réussir_la_tache_2.docx","haiku","1"
"deuxième année de doctorat","second year of doctoral studies","OTHER_IN_SCOPE_TEACHABLE","09022025.docx","chadi_authored","formel","","B2","","","09022025.docx","haiku","1"
"Disons qu'il soit d'accord","Let's say he agrees","OTHER_IN_SCOPE_TEACHABLE","Annexe_Subjonctif_Exemples_Exhaustifs_Egor.docx","chadi_authored","","","","","","Annexe_Subjonctif_Exemples_Exhaustifs_Egor.docx","table","1"
"DONT","Le projet dont je parle","OTHER_IN_SCOPE_TEACHABLE","Notes de cours de Andre.docx","chadi_authored","","","","","","Notes de cours de Andre.docx","table","2"
"DONT (verb requires DE","QUE (no preposition","OTHER_IN_SCOPE_TEACHABLE","Notes de cours de Andre.docx","chadi_authored","","","","","","Notes de cours de Andre.docx","table","1"
"dont je ne connais pas la réponse","whose answer I don't know","OTHER_IN_SCOPE_TEACHABLE","Correction_devoir1.docx","chadi_authored","semi_formel","","B1","","","Correction_devoir1.docx","haiku","1"
"dont je t'ai parlé","of whom I spoke to you","OTHER_IN_SCOPE_TEACHABLE","Correction_devoir1.docx","chadi_authored","semi_formel","","B1","","","Correction_devoir1.docx","haiku","1"
"Du coup","So / As a result","OTHER_IN_SCOPE_TEACHABLE","Les_Moules_Complete_Framework.docx","book_lab","","","","","","Les_Moules_Complete_Framework.docx","table","4"
"DUQUEL","Le bureau à côté duquel","OTHER_IN_SCOPE_TEACHABLE","Notes de cours de Andre.docx","chadi_authored","","","","","","Notes de cours de Andre.docx","table","2"
"D’ailleurs","Besides / By the way","OTHER_IN_SCOPE_TEACHABLE","Les_Moules_Complete_Framework.docx","book_lab","","","","","","Les_Moules_Complete_Framework.docx","table","1"
"D’autant plus que","All the more so because","OTHER_IN_SCOPE_TEACHABLE","Les_Moules_Complete_Framework.docx","book_lab","","","","","","Les_Moules_Complete_Framework.docx","table","1"
"d’où","Origin (from where","OTHER_IN_SCOPE_TEACHABLE","Notes de cours de Andre.docx","chadi_authored","","","","","","Notes de cours de Andre.docx","table","1"
"Elle a besoin d'aide ?","Oui, elle a besoin. → _______________","OTHER_IN_SCOPE_TEACHABLE","French_Pronouns_Extra_Exercises.docx","chadi_authored","","","","","","French_Pronouns_Extra_Exercises.docx","regex","1"
"Elle a de la faconde / Elle a l'art de convaincre / C'est une oratrice née","Elle a un vrai don pour la persuasion","OTHER_IN_SCOPE_TEACHABLE","Egor_SExprimer_Methode_Eureka.docx","chadi_authored","","","","","","Egor_SExprimer_Methode_Eureka.docx","table","1"
"Elle a de la patience","Elle est d'une patience !","OTHER_IN_SCOPE_TEACHABLE","Articles_Valeurs_Discursives.docx","chadi_authored","","","","","","Articles_Valeurs_Discursives.docx","table","1"
"Elle a fait des commentaires vraiment inappropriés","Elle a tenu des propos déplacés pendant le conseil","OTHER_IN_SCOPE_TEACHABLE","Egor_SExprimer_Methode_Eureka.docx","chadi_authored","","","","","","Egor_SExprimer_Methode_Eureka.docx","table","1"
"Elle a parlé ouvertement de ses difficultés — vraiment du cœur","Elle nous a parlé à cœur ouvert / Elle a joué franc jeu avec nous","OTHER_IN_SCOPE_TEACHABLE","Egor_SExprimer_Methode_Eureka.docx","chadi_authored","","","","","","Egor_SExprimer_Methode_Eureka.docx","table","1"
"Elle a répondu froidement que ce n'était pas son problème","Elle a répliqué sèchement / d'un ton cassant que cela ne la concernait pas","OTHER_IN_SCOPE_TEACHABLE","Egor_SExprimer_Methode_Eureka.docx","chadi_authored","","","","","","Egor_SExprimer_Methode_Eureka.docx","table","1"
"Elle adore le chocolat","Elle prend du chocolat","OTHER_IN_SCOPE_TEACHABLE","French_Articles_Course.docx","chadi_authored","","","","","","French_Articles_Course.docx","table","2"
"Elle est contente d'être là","Elle est contente qu'elle soit là","OTHER_IN_SCOPE_TEACHABLE","Annexe_Subjonctif_Exemples_Exhaustifs_Egor.docx","chadi_authored","","","","","","Annexe_Subjonctif_Exemples_Exhaustifs_Egor.docx","table","1"
"Elle est si rapide — elle a toujours la réponse parfaite instantanément","Elle répond du tac au tac — elle a une repartie extraordinaire","OTHER_IN_SCOPE_TEACHABLE","Egor_SExprimer_Methode_Eureka.docx","chadi_authored","","","","","","Egor_SExprimer_Methode_Eureka.docx","table","1"
"Elle est vraiment directe — elle dit ce qu'elle pense, sans filtre","Elle n'a pas la langue dans sa poche — elle ne mâche pas ses mots","OTHER_IN_SCOPE_TEACHABLE","Egor_SExprimer_Methode_Eureka.docx","chadi_authored","","","","","","Egor_SExprimer_Methode_Eureka.docx","table","1"
"Elle montre les photos à Jean","Elle lui montre les photos","OTHER_IN_SCOPE_TEACHABLE","French_Object_Pronouns.docx","chadi_authored","","","","","","French_Object_Pronouns.docx","table","1"
"Elle sait tenir son public en haleine — tout le monde retenait son souffle","Elle sait raconter une histoire — tout le monde était sur le bord de son siège","OTHER_IN_SCOPE_TEACHABLE","Egor_SExprimer_Methode_Eureka.docx","chadi_authored","","","","","","Egor_SExprimer_Methode_Eureka.docx","table","1"
"en admettant que","admitting that","OTHER_IN_SCOPE_TEACHABLE","Annexe_Subjonctif_Exemples_Exhaustifs_Egor.docx","chadi_authored","","","","","","Annexe_Subjonctif_Exemples_Exhaustifs_Egor.docx","table","1"
"en attendant que","while waiting for","OTHER_IN_SCOPE_TEACHABLE","Annexe_Subjonctif_Exemples_Exhaustifs_Egor.docx","chadi_authored","","","","","","Annexe_Subjonctif_Exemples_Exhaustifs_Egor.docx","table","2"
"en faire autant","to do the same","OTHER_IN_SCOPE_TEACHABLE","AUTANT.docx","chadi_authored","","","","","","AUTANT.docx","table","1"
"en moyenne","on average","OTHER_IN_SCOPE_TEACHABLE","13012025.docx","chadi_authored","semi_formel","","A2","","","13012025.docx","haiku","1"
"en parallèle","in parallel","OTHER_IN_SCOPE_TEACHABLE","13012025.docx","chadi_authored","semi_formel","","B1","","","13012025.docx","haiku","1"
"engendrer / donner naissance à","to generate / to give birth to","OTHER_IN_SCOPE_TEACHABLE","Cause_Consequence_Methode_Eureka.docx","chadi_authored","","","","","","Cause_Consequence_Methode_Eureka.docx","table","1"
"Entrer (to enter","Sortir (to go out","OTHER_IN_SCOPE_TEACHABLE","Notes de cours de Andre.docx","chadi_authored","","","","","","Notes de cours de Andre.docx","table","2"
"Entré","Entrer","OTHER_IN_SCOPE_TEACHABLE","Notes de cours de Andre.docx","chadi_authored","","","","","","Notes de cours de Andre.docx","table","2"
"envisager de quitter son poste","to consider leaving one's position","OTHER_IN_SCOPE_TEACHABLE","Exercices_21022025.docx","chadi_authored","semi_formel","","B1","","","Exercices_21022025.docx","haiku","1"
"essayent de parler","try to speak","OTHER_IN_SCOPE_TEACHABLE","09022025.docx","chadi_authored","informel","","A2","","","09022025.docx","haiku","1"
"Est ce que","Si = if","OTHER_IN_SCOPE_TEACHABLE","Notes de cours de Andre.docx","chadi_authored","","","","","","Notes de cours de Andre.docx","table","1"
"Est ce que tu as eu un vélo ? J’ai eu un vélo J’en ai eu un. Est ce que tu as eu un t-shirt ? Oui, j’ai eu un t-shirt. Oui, j’en ai eu beaucoup. = Yes, I've had many","Est ce que tu as un vélo ? J’ai un vélo J’en ai un. = I have one. Est ce que tu as un t-shirt ? Oui, j’ai beaucoup de t-shirt. Oui, j’en ai beaucoup","OTHER_IN_SCOPE_TEACHABLE","Notes de cours de Andre.docx","chadi_authored","","","","","","Notes de cours de Andre.docx","table","1"
"Est ce que tu as parlé à ton ami ? COI : Oui, je lui ai parlé PT : Oui, j’ai parlé à lui Est ce que tu as parlé à ton amie ? COI : Je lui ai parlée. PT : J’ai parlé à elle","Est ce que tu parles à ton ami (m)? Oui, j’y parle COI : (before) Oui, je lui parle PT : (after) Oui, je parle à lui Est ce que tu parles à ton amie (f) ? COI : Oui, je lui parle PT : Oui, je parle à elle Est ce que tu parles à tes amis ? COI : Oui, je leur parle. PT : Oui, je parle à eux","OTHER_IN_SCOPE_TEACHABLE","Notes de cours de Andre.docx","chadi_authored","","","","","","Notes de cours de Andre.docx","table","1"
"Est ce que tu as regardé le téléphone ? Oui, je l’ai regardé. Est ce que tu as attendu le bus ? Je l'ai attendu","Est ce que tu regardes le téléphone ? = Are you looking at your phone ? - I am looking at it : Oui, je regarde [not a full answer] Oui, je le regarde Est ce que tu attends le bus ? = Oui, je l’attends","OTHER_IN_SCOPE_TEACHABLE","Notes de cours de Andre.docx","chadi_authored","","","","","","Notes de cours de Andre.docx","table","1"
"Exception : plusieurs = pas de « de »","plusieurs questions ✔","OTHER_IN_SCOPE_TEACHABLE","cours_articles_11_02_2026.docx","chadi_authored","","","","","","cours_articles_11_02_2026.docx","regex","1"
"Explique la différence entre un livre et une livre","Explain the difference between ""un livre"" and ""une livre","OTHER_IN_SCOPE_TEACHABLE","15112024.docx","chadi_authored","","","","","","15112024.docx","regex","1"
"faire la synthèse de","_______________________","OTHER_IN_SCOPE_TEACHABLE","Notes de cours pour Egor.docx","chadi_authored","","","","","","Notes de cours pour Egor.docx","table","2"
"faire preuve d'indulgence","to show leniency","OTHER_IN_SCOPE_TEACHABLE","Le_Comportement_Complete_Guide.docx","chadi_authored","","","","","","Le_Comportement_Complete_Guide.docx","table","1"
"faire preuve de","_______________________","OTHER_IN_SCOPE_TEACHABLE","Notes de cours pour Egor.docx","chadi_authored","","","","","","Notes de cours pour Egor.docx","table","2"
"faire preuve de sang-froid","_______________________","OTHER_IN_SCOPE_TEACHABLE","Notes de cours pour Egor.docx","chadi_authored","","","","","","Notes de cours pour Egor.docx","table","2"
"faute de quoi","_______________________","OTHER_IN_SCOPE_TEACHABLE","Notes de cours pour Egor.docx","chadi_authored","","","","","","Notes de cours pour Egor.docx","table","2"
"Figure-toi que / Figurez-vous que","Would you believe that","OTHER_IN_SCOPE_TEACHABLE","Les_Moules_Complete_Framework.docx","book_lab","","","","","","Les_Moules_Complete_Framework.docx","table","1"
"Fini","Finir","OTHER_IN_SCOPE_TEACHABLE","Notes de cours de Andre.docx","chadi_authored","","","","","","Notes de cours de Andre.docx","table","2"
"finir","to finish","OTHER_IN_SCOPE_TEACHABLE","Jack-French-Session1-20Jan2025.docx","chadi_authored","","","","","","Jack-French-Session1-20Jan2025.docx","table","2"
"folle","fou","OTHER_IN_SCOPE_TEACHABLE","Notes de cours de Andre.docx","chadi_authored","","","","","","Notes de cours de Andre.docx","table","2"
"formules de politesse","polite formulas","OTHER_IN_SCOPE_TEACHABLE","Réussir_la_tache_2.docx","chadi_authored","semi_formel","","A2","","","Réussir_la_tache_2.docx","haiku","1"
"Futur proche","Near future","OTHER_IN_SCOPE_TEACHABLE","Notes de cours de Andre.docx","chadi_authored","","","","","","Notes de cours de Andre.docx","regex","2"
"Garder la confidentialité appropriée","accord tacite, ne pas souffler mot","OTHER_IN_SCOPE_TEACHABLE","Egor_SExprimer_Methode_Eureka.docx","chadi_authored","","","","","","Egor_SExprimer_Methode_Eureka.docx","regex","1"
"gentille","gentil","OTHER_IN_SCOPE_TEACHABLE","Notes de cours de Andre.docx","chadi_authored","","","","","","Notes de cours de Andre.docx","table","2"
"grosse","gros","OTHER_IN_SCOPE_TEACHABLE","Notes de cours de Andre.docx","chadi_authored","","","","","","Notes de cours de Andre.docx","table","2"
"Habiter","To live (reside","OTHER_IN_SCOPE_TEACHABLE","cours_06_02_2026.docx","chadi_authored","","","","","","cours_06_02_2026.docx","table","1"
"horaires de travail","working hours","OTHER_IN_SCOPE_TEACHABLE","Réussir_la_tache_2.docx","chadi_authored","semi_formel","","B1","","","Réussir_la_tache_2.docx","haiku","1"
"Il a dénoncé ses collègues au département conformité","Il a vendu la mèche / Il a dénoncé ses collègues à la conformité","OTHER_IN_SCOPE_TEACHABLE","Egor_SExprimer_Methode_Eureka.docx","chadi_authored","","","","","","Egor_SExprimer_Methode_Eureka.docx","table","1"
"Il a laissé échapper le secret sur la fusion avant l'annonce","Il a vendu la mèche sur la fusion avant l'annonce officielle","OTHER_IN_SCOPE_TEACHABLE","Egor_SExprimer_Methode_Eureka.docx","chadi_authored","","","","","","Egor_SExprimer_Methode_Eureka.docx","table","1"
"il a mangé, elle est partie","il avait mangé, elle était partie","OTHER_IN_SCOPE_TEACHABLE","Notes de cours de Andre.docx","chadi_authored","","","","","","Notes de cours de Andre.docx","table","2"
"Il a peur d'échouer","Il a peur qu'il échoue","OTHER_IN_SCOPE_TEACHABLE","Annexe_Subjonctif_Exemples_Exhaustifs_Egor.docx","chadi_authored","","","","","","Annexe_Subjonctif_Exemples_Exhaustifs_Egor.docx","table","1"
"Il a raté une occasion de se taire — il a parlé pour ne rien dire","Il aurait dû juste se taire — il n'a rien dit d'utile","OTHER_IN_SCOPE_TEACHABLE","Egor_SExprimer_Methode_Eureka.docx","chadi_authored","","","","","","Egor_SExprimer_Methode_Eureka.docx","table","1"
"il aura fini, elle sera partie","il aurait fini, elle serait partie","OTHER_IN_SCOPE_TEACHABLE","Notes de cours de Andre.docx","chadi_authored","","","","","","Notes de cours de Andre.docx","table","2"
"Il continue de tourner autour du pot au lieu de répondre directement","Il biaise / tergiverse / répond par des circonlocutions","OTHER_IN_SCOPE_TEACHABLE","Egor_SExprimer_Methode_Eureka.docx","chadi_authored","","","","","","Egor_SExprimer_Methode_Eureka.docx","table","1"
"Il convient de, il apparaît que, par conséquent, auquel, néanmoins","Soutenu (formal","OTHER_IN_SCOPE_TEACHABLE","Les_Moules_Complete_Framework.docx","book_lab","","","","","","Les_Moules_Complete_Framework.docx","table","1"
"Il dit qu'il ne répondra pas","present reporting","OTHER_IN_SCOPE_TEACHABLE","Notes de cours de Andre.docx","chadi_authored","","","","","","Notes de cours de Andre.docx","regex","2"
"Il dit que son amie a téléphoné","present reporting","OTHER_IN_SCOPE_TEACHABLE","Notes de cours de Andre.docx","chadi_authored","","","","","","Notes de cours de Andre.docx","regex","2"
"il en résulte que","it follows that / as a result / consequently","OTHER_IN_SCOPE_TEACHABLE","Notes de cours pour Egor.docx","chadi_authored","","","","","","Notes de cours pour Egor.docx","table","2"
"Il est un vrai coffre-fort — il ne dira jamais tes secrets","C'est une vraie tombe / Il est muet comme une carpe","OTHER_IN_SCOPE_TEACHABLE","Egor_SExprimer_Methode_Eureka.docx","chadi_authored","","","","","","Egor_SExprimer_Methode_Eureka.docx","table","1"
"il est, elle fait, nous allons","il était, elle faisait, nous allions","OTHER_IN_SCOPE_TEACHABLE","Notes de cours de Andre.docx","chadi_authored","","","","","","Notes de cours de Andre.docx","table","2"
"Il m'en a parlé","He spoke to me about it","OTHER_IN_SCOPE_TEACHABLE","French_Object_Pronouns_Complete_Guide.docx","chadi_authored","","","","","","French_Object_Pronouns_Complete_Guide.docx","regex","2"
"il mangera, elle partira","il mangerait, elle partirait","OTHER_IN_SCOPE_TEACHABLE","Notes de cours de Andre.docx","chadi_authored","","","","","","Notes de cours de Andre.docx","table","2"
"Il me manque","I miss him","OTHER_IN_SCOPE_TEACHABLE","12112024.docx","chadi_authored","","","","","","12112024.docx","regex","2"
"Il n'a pas dit un mot sur l'échec du deal","Il n'a pas soufflé mot / Il a passé sous silence l'échec du deal","OTHER_IN_SCOPE_TEACHABLE","Egor_SExprimer_Methode_Eureka.docx","chadi_authored","","","","","","Egor_SExprimer_Methode_Eureka.docx","table","1"
"Il ne répond jamais à la vraie question — c'est le maître du non-discours politique","Il esquive toujours les questions — c'est le roi de la langue de bois","OTHER_IN_SCOPE_TEACHABLE","Egor_SExprimer_Methode_Eureka.docx","chadi_authored","","","","","","Egor_SExprimer_Methode_Eureka.docx","table","1"
"Il s'en fait du mouron","He's worried sick","OTHER_IN_SCOPE_TEACHABLE","French_Object_Pronouns_Complete_Guide.docx","chadi_authored","","","","","","French_Object_Pronouns_Complete_Guide.docx","table","2"
"Il s'en souvient","de + thing = EN","OTHER_IN_SCOPE_TEACHABLE","French_Object_Pronouns.docx","chadi_authored","","","","","","French_Object_Pronouns.docx","regex","1"
"il tombe de la pluie","it is raining (impersonal)","OTHER_IN_SCOPE_TEACHABLE","09022025.docx","chadi_authored","semi_formel","","B1","","","09022025.docx","haiku","1"
"il y a beaucoup de communautés","there are many communities","OTHER_IN_SCOPE_TEACHABLE","09022025.docx","chadi_authored","informel","","A2","","","09022025.docx","haiku","1"
"Il/elle est de bonne foi","He/she acts in good faith","OTHER_IN_SCOPE_TEACHABLE","Le_Briefing_v2_Comportement.docx","chadi_authored","","","","","","Le_Briefing_v2_Comportement.docx","table","1"
"Ils se sont souvenus / Elles se sont souvenues","Il s'est souvenu / Elle s'est souvenue","OTHER_IN_SCOPE_TEACHABLE","Notes de cours de Andre.docx","chadi_authored","","","","","","Notes de cours de Andre.docx","table","2"
"Imagine que tu gagnes à la loterie : que donnerais-tu à tes proches ?","Imagine you win the lottery: what would you give to your loved ones?","OTHER_IN_SCOPE_TEACHABLE","15112024.docx","chadi_authored","","","","","","15112024.docx","regex","1"
"Imagine que tu organises une réunion familiale. Qui s’entendrait bien avec qui, et qui s’inquiéterait pour quoi ?","Imagine you’re organizing a family reunion. Who would get along with whom, and who would worry about what?","OTHER_IN_SCOPE_TEACHABLE","15112024.docx","chadi_authored","","","","","","15112024.docx","regex","1"
"indirect objects (à + person","LUI / LEUR","OTHER_IN_SCOPE_TEACHABLE","Les_Moules_Complete_Framework.docx","book_lab","","","","","","Les_Moules_Complete_Framework.docx","table","1"
"Investi","Investir","OTHER_IN_SCOPE_TEACHABLE","Notes de cours de Andre.docx","chadi_authored","","","","","","Notes de cours de Andre.docx","table","1"
"j'ai beaucoup de temps","I have a lot of time","OTHER_IN_SCOPE_TEACHABLE","09022025.docx","chadi_authored","informel","","A2","","","09022025.docx","haiku","1"
"j'ai besoin de lâcher prise","I need to let go / relax","OTHER_IN_SCOPE_TEACHABLE","Introduction_to_colloquial_french.docx","chadi_authored","informel","","B1","","","Introduction_to_colloquial_french.docx","haiku","1"
"j'ai besoin de me détendre","I need to relax","OTHER_IN_SCOPE_TEACHABLE","Introduction_to_colloquial_french.docx","chadi_authored","semi_formel","","B1","","","Introduction_to_colloquial_french.docx","haiku","1"
"J'ai bu","I drank","OTHER_IN_SCOPE_TEACHABLE","Notes de cours de Andre.docx","chadi_authored","","","","","","Notes de cours de Andre.docx","table","1"
"J'ai compris","I understood","OTHER_IN_SCOPE_TEACHABLE","Notes de cours de Andre.docx","chadi_authored","","","","","","Notes de cours de Andre.docx","table","1"
"J'ai cru","I believed","OTHER_IN_SCOPE_TEACHABLE","Notes de cours de Andre.docx","chadi_authored","","","","","","Notes de cours de Andre.docx","table","1"
"J'ai dû","I had to","OTHER_IN_SCOPE_TEACHABLE","Notes de cours de Andre.docx","chadi_authored","","","","","","Notes de cours de Andre.docx","table","1"
"J'ai envie de vacances","avoir envie de","OTHER_IN_SCOPE_TEACHABLE","French_Object_Pronouns_Complete_Guide.docx","chadi_authored","","","","","","French_Object_Pronouns_Complete_Guide.docx","table","2"
"J'ai eu","I had","OTHER_IN_SCOPE_TEACHABLE","Notes de cours de Andre.docx","chadi_authored","","","","","","Notes de cours de Andre.docx","table","1"
"j'ai grave besoin de décompresser","I really need to decompress","OTHER_IN_SCOPE_TEACHABLE","Introduction_to_colloquial_french.docx","chadi_authored","informel","","B1","","","Introduction_to_colloquial_french.docx","haiku","1"
"J'ai lu","I read","OTHER_IN_SCOPE_TEACHABLE","Notes de cours de Andre.docx","chadi_authored","","","","","","Notes de cours de Andre.docx","table","1"
"J'ai mangé","I ate","OTHER_IN_SCOPE_TEACHABLE","Notes de cours de Andre.docx","chadi_authored","","","","","","Notes de cours de Andre.docx","table","1"
"J'ai parlé I talked / I spoke","Je parlais I was talking / I used to talk","OTHER_IN_SCOPE_TEACHABLE","Notes de cours de Andre.docx","chadi_authored","","","","","","Notes de cours de Andre.docx","table","2"
"J'ai pris","I took","OTHER_IN_SCOPE_TEACHABLE","Notes de cours de Andre.docx","chadi_authored","","","","","","Notes de cours de Andre.docx","table","1"
"J'ai pu","I could","OTHER_IN_SCOPE_TEACHABLE","Notes de cours de Andre.docx","chadi_authored","","","","","","Notes de cours de Andre.docx","table","1"
"J'ai su","I knew","OTHER_IN_SCOPE_TEACHABLE","Notes de cours de Andre.docx","chadi_authored","","","","","","Notes de cours de Andre.docx","table","1"
"J'ai voulu","I wanted","OTHER_IN_SCOPE_TEACHABLE","Notes de cours de Andre.docx","chadi_authored","","","","","","Notes de cours de Andre.docx","table","1"
"j'ai vraiment besoin de souffler","I really need to take a break","OTHER_IN_SCOPE_TEACHABLE","Introduction_to_colloquial_french.docx","chadi_authored","semi_formel","","B1","","","Introduction_to_colloquial_french.docx","haiku","1"
"J'ai vu","I saw","OTHER_IN_SCOPE_TEACHABLE","Notes de cours de Andre.docx","chadi_authored","","","","","","Notes de cours de Andre.docx","table","1"
"J'ai été","I was","OTHER_IN_SCOPE_TEACHABLE","Notes de cours de Andre.docx","chadi_authored","","","","","","Notes de cours de Andre.docx","table","1"
"J'aime le vin","Je bois du vin","OTHER_IN_SCOPE_TEACHABLE","French_Articles_Course.docx","chadi_authored","","","","","","French_Articles_Course.docx","table","2"
"J'aime les films de Truffaut","J'aime des films de Truffaut","OTHER_IN_SCOPE_TEACHABLE","Articles_Valeurs_Discursives.docx","chadi_authored","","","","","","Articles_Valeurs_Discursives.docx","table","1"
"J'aimerais comprendre","I would like to understand","OTHER_IN_SCOPE_TEACHABLE","Notes de cours de Andre.docx","chadi_authored","","","","","","Notes de cours de Andre.docx","table","2"
"j'en peux plus du taf","I can't take work anymore","OTHER_IN_SCOPE_TEACHABLE","Introduction_to_colloquial_french.docx","chadi_authored","argotique","","B1","","","Introduction_to_colloquial_french.docx","haiku","1"
"J'espère une réponse. → Je l'espère","espérer","OTHER_IN_SCOPE_TEACHABLE","Notes de cours de Andre.docx","chadi_authored","","","","","","Notes de cours de Andre.docx","table","1"
"j'pensais aller à la plage","I was thinking of going to the beach","OTHER_IN_SCOPE_TEACHABLE","Introduction_to_colloquial_french.docx","chadi_authored","informel","","A2","","","Introduction_to_colloquial_french.docx","haiku","1"
"J'écoute la chanson. → Je l'écoute","écouter","OTHER_IN_SCOPE_TEACHABLE","Notes de cours de Andre.docx","chadi_authored","","","","","","Notes de cours de Andre.docx","table","1"
"Jamais de la vie","Never in my life","OTHER_IN_SCOPE_TEACHABLE","13012025.docx","chadi_authored","informel","","B1","","","13012025.docx","haiku","1"
"Je cherche mon téléphone. → Je le cherche","chercher","OTHER_IN_SCOPE_TEACHABLE","Notes de cours de Andre.docx","chadi_authored","","","","","","Notes de cours de Andre.docx","table","1"
"Je donne un cadeau à Paul","Je lui donne un cadeau","OTHER_IN_SCOPE_TEACHABLE","French_Object_Pronouns.docx","chadi_authored","","","","","","French_Object_Pronouns.docx","table","1"
"Je doute que... / Je ne pense pas que","Je doute qu’il vienne","OTHER_IN_SCOPE_TEACHABLE","Les_Moules_Complete_Framework.docx","book_lab","","","","","","Les_Moules_Complete_Framework.docx","table","1"
"Je finirais à 18h00","I will probably finish at 6PM","OTHER_IN_SCOPE_TEACHABLE","Dialogue_discours_indirecte.docx","chadi_authored","semi_formel","","B1","","","Dialogue_discours_indirecte.docx","haiku","1"
"Je me demande","I wonder","OTHER_IN_SCOPE_TEACHABLE","Notes de cours de Andre.docx","chadi_authored","","","","","","Notes de cours de Andre.docx","table","2"
"Je n'ai rien à cacher","I have nothing to hide","OTHER_IN_SCOPE_TEACHABLE","Dialogue_discours_indirecte.docx","chadi_authored","semi_formel","","A2","","","Dialogue_discours_indirecte.docx","haiku","1"
"Je n'en peux plus","I can't take it anymore","OTHER_IN_SCOPE_TEACHABLE","Introduction_to_colloquial_french.docx","chadi_authored","semi_formel","","B1","","","Introduction_to_colloquial_french.docx","haiku","1"
"Je ne suis pas d'accord","I disagree","OTHER_IN_SCOPE_TEACHABLE","13012025.docx","chadi_authored","semi_formel","","A1","","","13012025.docx","haiku","1"
"Je ne vais pas parler français","Je vais parler français","OTHER_IN_SCOPE_TEACHABLE","cours_06_02_2026.docx","chadi_authored","","","","","","cours_06_02_2026.docx","table","1"
"Je ne viens pas de parler français","Je viens de parler français","OTHER_IN_SCOPE_TEACHABLE","cours_06_02_2026.docx","chadi_authored","","","","","","cours_06_02_2026.docx","table","1"
"Je parle à mon ami","Je lui parle","OTHER_IN_SCOPE_TEACHABLE","French_Object_Pronouns.docx","chadi_authored","","","","","","French_Object_Pronouns.docx","table","1"
"Je regarde la fenêtre. → Je la regarde","regarder","OTHER_IN_SCOPE_TEACHABLE","Notes de cours de Andre.docx","chadi_authored","","","","","","Notes de cours de Andre.docx","table","1"
"Je ressens de la joie","I feel joy","OTHER_IN_SCOPE_TEACHABLE","05032025_-_Copie(1).docx","chadi_authored","","","","","","05032025_-_Copie(1).docx","regex","1"
"Je réponds à mes amis","Je leur réponds","OTHER_IN_SCOPE_TEACHABLE","French_Object_Pronouns.docx","chadi_authored","","","","","","French_Object_Pronouns.docx","table","1"
"Je suis allé","J’irai","OTHER_IN_SCOPE_TEACHABLE","Notes de cours de Andre.docx","chadi_authored","","","","","","Notes de cours de Andre.docx","table","1"
"Je suis devenu","Devenir to become","OTHER_IN_SCOPE_TEACHABLE","Notes de cours de Andre.docx","chadi_authored","","","","","","Notes de cours de Andre.docx","table","1"
"Je suis en train de lire","in the middle of doing","OTHER_IN_SCOPE_TEACHABLE","Les_Moules_Complete_Framework.docx","book_lab","","","","","","Les_Moules_Complete_Framework.docx","table","1"
"Je suis tombé","I fell","OTHER_IN_SCOPE_TEACHABLE","Notes de cours de Andre.docx","chadi_authored","","","","","","Notes de cours de Andre.docx","table","1"
"Je suis venu","I came","OTHER_IN_SCOPE_TEACHABLE","Notes de cours de Andre.docx","chadi_authored","","","","","","Notes de cours de Andre.docx","table","1"
"Je vais au magasin","I’m going to the shop","OTHER_IN_SCOPE_TEACHABLE","cours_06_02_2026.docx","chadi_authored","","","","","","cours_06_02_2026.docx","table","1"
"Je vais au travail","I’m going to work","OTHER_IN_SCOPE_TEACHABLE","cours_06_02_2026.docx","chadi_authored","","","","","","cours_06_02_2026.docx","table","1"
"Je vais à la gare de train","I’m going to the station","OTHER_IN_SCOPE_TEACHABLE","cours_06_02_2026.docx","chadi_authored","","","","","","cours_06_02_2026.docx","table","1"
"Je vais à la piscine","I’m going to the pool","OTHER_IN_SCOPE_TEACHABLE","cours_06_02_2026.docx","chadi_authored","","","","","","cours_06_02_2026.docx","table","1"
"Je vais à l’école","I’m going to school","OTHER_IN_SCOPE_TEACHABLE","cours_06_02_2026.docx","chadi_authored","","","","","","cours_06_02_2026.docx","table","1"
"Je veux que... / J’aimerais que","J’aimerais que tu viennes","OTHER_IN_SCOPE_TEACHABLE","Les_Moules_Complete_Framework.docx","book_lab","","","","","","Les_Moules_Complete_Framework.docx","table","1"
"Je voudrais savoir","I would like to know","OTHER_IN_SCOPE_TEACHABLE","Notes de cours de Andre.docx","chadi_authored","","","","","","Notes de cours de Andre.docx","table","2"
"jeter l'argent par les fenêtres","_______________________","OTHER_IN_SCOPE_TEACHABLE","Notes de cours pour Egor.docx","chadi_authored","","","","","","Notes de cours pour Egor.docx","table","2"
"jeu de rôle","role-play","OTHER_IN_SCOPE_TEACHABLE","Réussir_la_tache_2.docx","chadi_authored","semi_formel","","A2","","","Réussir_la_tache_2.docx","haiku","1"
"jouer la carte de","_______________________","OTHER_IN_SCOPE_TEACHABLE","Notes de cours pour Egor.docx","chadi_authored","","","","","","Notes de cours pour Egor.docx","table","2"
"Just de (no article) beaucoup D'amis","Article after quantity ""a lot of THE friends","OTHER_IN_SCOPE_TEACHABLE","French_Articles_Course.docx","chadi_authored","","","","","","French_Articles_Course.docx","table","2"
"J’ai appartenu","Appartenir to belong","OTHER_IN_SCOPE_TEACHABLE","Notes de cours de Andre.docx","chadi_authored","","","","","","Notes de cours de Andre.docx","table","1"
"J’ai appris","Apprendre to learn","OTHER_IN_SCOPE_TEACHABLE","Notes de cours de Andre.docx","chadi_authored","","","","","","Notes de cours de Andre.docx","table","1"
"J’ai beau essayer, je n’arrive pas à comprendre. No matter how much I try, I can’t understand","J’ai beau + infinitif, ... No matter how much I","OTHER_IN_SCOPE_TEACHABLE","Les_Moules_Complete_Framework.docx","book_lab","","","","","","Les_Moules_Complete_Framework.docx","table","1"
"J’ai beau essayer, je n’y arrive pas","no matter how much one does","OTHER_IN_SCOPE_TEACHABLE","Les_Moules_Complete_Framework.docx","book_lab","","","","","","Les_Moules_Complete_Framework.docx","table","1"
"J’ai choisi","Choisir","OTHER_IN_SCOPE_TEACHABLE","Notes de cours de Andre.docx","chadi_authored","","","","","","Notes de cours de Andre.docx","table","1"
"J’ai compris","Comprendre to understand","OTHER_IN_SCOPE_TEACHABLE","Notes de cours de Andre.docx","chadi_authored","","","","","","Notes de cours de Andre.docx","table","1"
"J’ai compromis","Compromettre","OTHER_IN_SCOPE_TEACHABLE","Notes de cours de Andre.docx","chadi_authored","","","","","","Notes de cours de Andre.docx","table","1"
"J’ai de l’argent =/= Je n’ai pas d’argent","I have money","OTHER_IN_SCOPE_TEACHABLE","Notes de cours de Andre.docx","chadi_authored","","","","","","Notes de cours de Andre.docx","regex","1"
"J’ai eu","J’aurai","OTHER_IN_SCOPE_TEACHABLE","Notes de cours de Andre.docx","chadi_authored","","","","","","Notes de cours de Andre.docx","table","1"
"J’ai fini","Finir","OTHER_IN_SCOPE_TEACHABLE","Notes de cours de Andre.docx","chadi_authored","","","","","","Notes de cours de Andre.docx","table","1"
"J’ai investi","Investir","OTHER_IN_SCOPE_TEACHABLE","Notes de cours de Andre.docx","chadi_authored","","","","","","Notes de cours de Andre.docx","table","1"
"J’ai l’impression que le gouvernement ignore ce problème. I have the impression that the government is ignoring this problem","J’ai l’impression que... I have the impression that","OTHER_IN_SCOPE_TEACHABLE","Les_Moules_Complete_Framework.docx","book_lab","","","","","","Les_Moules_Complete_Framework.docx","table","1"
"J’ai mangé","Manger To eat","OTHER_IN_SCOPE_TEACHABLE","Notes de cours de Andre.docx","chadi_authored","","","","","","Notes de cours de Andre.docx","table","1"
"J’ai mis","Mettre mis","OTHER_IN_SCOPE_TEACHABLE","Notes de cours de Andre.docx","chadi_authored","","","","","","Notes de cours de Andre.docx","table","1"
"J’ai parlé","Parler To speak/talk","OTHER_IN_SCOPE_TEACHABLE","Notes de cours de Andre.docx","chadi_authored","","","","","","Notes de cours de Andre.docx","table","1"
"J’ai permis","Permettre","OTHER_IN_SCOPE_TEACHABLE","Notes de cours de Andre.docx","chadi_authored","","","","","","Notes de cours de Andre.docx","table","1"
"J’ai pris","Prendre Pris To take","OTHER_IN_SCOPE_TEACHABLE","Notes de cours de Andre.docx","chadi_authored","","","","","","Notes de cours de Andre.docx","table","1"
"J’ai regardé la fenêtre Je l’ai regardé Je l’ai écouté. Je l’ai cherché","Je regarde la fenêtre. = I look at the window. Je la regarde. = I look at it. J’écoute la chanson. = I’m listening to the song. Je l’écoute. = I’m listening to it. Je cherche mon vélo = I’m looking for my bike. Je le cherche","OTHER_IN_SCOPE_TEACHABLE","Notes de cours de Andre.docx","chadi_authored","","","","","","Notes de cours de Andre.docx","table","1"
"J’ai tenu","Tenir","OTHER_IN_SCOPE_TEACHABLE","Notes de cours de Andre.docx","chadi_authored","","","","","","Notes de cours de Andre.docx","table","1"
"J’ai été","Je serai","OTHER_IN_SCOPE_TEACHABLE","Notes de cours de Andre.docx","chadi_authored","","","","","","Notes de cours de Andre.docx","table","1"
"J’ai. [phrase incomplète] I have","J’ai dormi. = I slept","OTHER_IN_SCOPE_TEACHABLE","Notes de cours de Andre.docx","chadi_authored","","","","","","Notes de cours de Andre.docx","table","1"
"J’avais mangé avant de sortir","I had eaten before leaving","OTHER_IN_SCOPE_TEACHABLE","21032025.docx","chadi_authored","","","","","","21032025.docx","regex","1"
"L'analyste dont je lis les rapports","The analyst whose reports I read","OTHER_IN_SCOPE_TEACHABLE","Notes de cours de Andre.docx","chadi_authored","","","","","","Notes de cours de Andre.docx","table","2"
"L'année où nous nous sommes rencontrés","The year (when) we met","OTHER_IN_SCOPE_TEACHABLE","Notes de cours de Andre.docx","chadi_authored","","","","","","Notes de cours de Andre.docx","table","1"
"l'année précédente (the previous year","l'année dernière (last year","OTHER_IN_SCOPE_TEACHABLE","Notes de cours de Andre.docx","chadi_authored","","","","","","Notes de cours de Andre.docx","table","2"
"l'année suivante (the following year","l'année prochaine (next year","OTHER_IN_SCOPE_TEACHABLE","Notes de cours de Andre.docx","chadi_authored","","","","","","Notes de cours de Andre.docx","table","2"
"l'avant-veille (two days before","avant-hier (day before yesterday","OTHER_IN_SCOPE_TEACHABLE","Notes de cours de Andre.docx","chadi_authored","","","","","","Notes de cours de Andre.docx","table","2"
"L'entreprise dont le PDG a démissionné","The company whose CEO resigned","OTHER_IN_SCOPE_TEACHABLE","Notes de cours de Andre.docx","chadi_authored","","","","","","Notes de cours de Andre.docx","table","2"
"L'homme dont la voiture est rouge","The man whose car is red","OTHER_IN_SCOPE_TEACHABLE","Notes de cours de Andre.docx","chadi_authored","","","","","","Notes de cours de Andre.docx","table","2"
"L'homme QUI parle","L'homme QUE je vois","OTHER_IN_SCOPE_TEACHABLE","Notes de cours de Andre.docx","chadi_authored","","","","","","Notes de cours de Andre.docx","table","2"
"L'informateur a dénoncé des gens juste pour causer des problèmes","Ce délateur pratique la délation par pure malveillance","OTHER_IN_SCOPE_TEACHABLE","Egor_SExprimer_Methode_Eureka.docx","chadi_authored","","","","","","Egor_SExprimer_Methode_Eureka.docx","table","1"
"l'utilité","usefulness, utility","OTHER_IN_SCOPE_TEACHABLE","Correction_devoir1.docx","chadi_authored","formel","","B1","","","Correction_devoir1.docx","haiku","1"
"L'époque où Internet n'existait pas","The era when the Internet didn't exist","OTHER_IN_SCOPE_TEACHABLE","Notes de cours de Andre.docx","chadi_authored","","","","","","Notes de cours de Andre.docx","table","1"
"la couleur de","the colour of","OTHER_IN_SCOPE_TEACHABLE","Notes de cours de Andre.docx","chadi_authored","","","","","","Notes de cours de Andre.docx","table","1"
"La différence principale entre vivre en ville et à la campagne, c’est le rythme. The main difference between city and country living is the pace","La différence principale entre... et..., c’est que... The main difference between... and..., is that","OTHER_IN_SCOPE_TEACHABLE","Les_Moules_Complete_Framework.docx","book_lab","","","","","","Les_Moules_Complete_Framework.docx","table","1"
"La fille dont je parlais…","The girl I was talking about…","OTHER_IN_SCOPE_TEACHABLE","Notes de cours de Andre.docx","chadi_authored","","","","","","Notes de cours de Andre.docx","table","1"
"la liberté d'expression","freedom of expression","OTHER_IN_SCOPE_TEACHABLE","13012025.docx","chadi_authored","formel","","B1","","","13012025.docx","haiku","2"
"La personne que j’ai rencontrée est avocate","The person I met is a lawyer","OTHER_IN_SCOPE_TEACHABLE","Notes de cours de Andre.docx","chadi_authored","","","","","","Notes de cours de Andre.docx","table","1"
"la qualité de l'éducation","the quality of education","OTHER_IN_SCOPE_TEACHABLE","09022025.docx","chadi_authored","formel","","B1","","","09022025.docx","haiku","1"
"La réunion pendant laquelle on a discuté","pendant","OTHER_IN_SCOPE_TEACHABLE","Notes de cours de Andre.docx","chadi_authored","","","","","","Notes de cours de Andre.docx","table","2"
"La semaine où tout a changé","The week (that) everything changed","OTHER_IN_SCOPE_TEACHABLE","Notes de cours de Andre.docx","chadi_authored","","","","","","Notes de cours de Andre.docx","table","1"
"la semaine précédente (the previous week","la semaine dernière (last week","OTHER_IN_SCOPE_TEACHABLE","Notes de cours de Andre.docx","chadi_authored","","","","","","Notes de cours de Andre.docx","table","2"
"la semaine suivante (the following week","la semaine prochaine (next week","OTHER_IN_SCOPE_TEACHABLE","Notes de cours de Andre.docx","chadi_authored","","","","","","Notes de cours de Andre.docx","table","2"
"La table sur laquelle j'ai posé le dossier","sur","OTHER_IN_SCOPE_TEACHABLE","Notes de cours de Andre.docx","chadi_authored","","","","","","Notes de cours de Andre.docx","table","2"
"la veille (the day before","hier (yesterday","OTHER_IN_SCOPE_TEACHABLE","Notes de cours de Andre.docx","chadi_authored","","","","","","Notes de cours de Andre.docx","table","2"
"La ville où j’habite…","The city I live in…","OTHER_IN_SCOPE_TEACHABLE","Notes de cours de Andre.docx","chadi_authored","","","","","","Notes de cours de Andre.docx","table","1"
"le / l","him / it (masc","OTHER_IN_SCOPE_TEACHABLE","Jack-French-Session1-20Jan2025.docx","chadi_authored","","","","","","Jack-French-Session1-20Jan2025.docx","table","1"
"Le client dont nous gérons le projet","The client whose project we manage","OTHER_IN_SCOPE_TEACHABLE","Notes de cours de Andre.docx","chadi_authored","","","","","","Notes de cours de Andre.docx","table","2"
"Le collègue dont la femme travaille ici","The colleague whose wife works here","OTHER_IN_SCOPE_TEACHABLE","Notes de cours de Andre.docx","chadi_authored","","","","","","Notes de cours de Andre.docx","table","2"
"le commissaire d'exposition","the curator","OTHER_IN_SCOPE_TEACHABLE","Xing_Art_School_Exercises_Dec17.docx","chadi_authored","","","","","","Xing_Art_School_Exercises_Dec17.docx","table","1"
"le ferment de la discorde","the seed of discord","OTHER_IN_SCOPE_TEACHABLE","Cause_Consequence_Methode_Eureka.docx","chadi_authored","","","","","","Cause_Consequence_Methode_Eureka.docx","table","1"
"le fil d'actualités","the news feed","OTHER_IN_SCOPE_TEACHABLE","13012025.docx","chadi_authored","semi_formel","","B1","","","13012025.docx","haiku","1"
"Le jour où il est parti, il pleuvait","The day (that) he left, it was raining","OTHER_IN_SCOPE_TEACHABLE","Notes de cours de Andre.docx","chadi_authored","","","","","","Notes de cours de Andre.docx","table","1"
"le lendemain (the next day","demain (tomorrow","OTHER_IN_SCOPE_TEACHABLE","Notes de cours de Andre.docx","chadi_authored","","","","","","Notes de cours de Andre.docx","table","2"
"Le leur / La leur Les leur","Theirs","OTHER_IN_SCOPE_TEACHABLE","Notes de cours de Andre.docx","chadi_authored","","","","","","Notes de cours de Andre.docx","table","1"
"Le livre que j’ai lu était intéressant","The book I read was interesting","OTHER_IN_SCOPE_TEACHABLE","Notes de cours de Andre.docx","chadi_authored","","","","","","Notes de cours de Andre.docx","table","1"
"Le mien, la mienne Les miens / Les miennes","Mine","OTHER_IN_SCOPE_TEACHABLE","Notes de cours de Andre.docx","chadi_authored","","","","","","Notes de cours de Andre.docx","table","1"
"Le moment où j'ai compris la vérité","The moment (that/when) I understood the truth","OTHER_IN_SCOPE_TEACHABLE","Notes de cours de Andre.docx","chadi_authored","","","","","","Notes de cours de Andre.docx","table","1"
"Le nôtre / La nôtre Les nôtres","Ours","OTHER_IN_SCOPE_TEACHABLE","Notes de cours de Andre.docx","chadi_authored","","","","","","Notes de cours de Andre.docx","table","1"
"Le prix dont il est question","le prix de","OTHER_IN_SCOPE_TEACHABLE","Notes de cours de Andre.docx","chadi_authored","","","","","","Notes de cours de Andre.docx","table","2"
"Le présentateur s'est perdu dans tous les chiffres qu'il citait","Le conférencier s'est perdu dans les dates / chiffres qu'il donnait","OTHER_IN_SCOPE_TEACHABLE","Egor_SExprimer_Methode_Eureka.docx","chadi_authored","","","","","","Egor_SExprimer_Methode_Eureka.docx","table","1"
"Le sien, la sienne Les siens, les siennes","His / Hers","OTHER_IN_SCOPE_TEACHABLE","Notes de cours de Andre.docx","chadi_authored","","","","","","Notes de cours de Andre.docx","table","1"
"le syndrome de l'imposteur","impostor syndrome","OTHER_IN_SCOPE_TEACHABLE","09022025.docx","chadi_authored","formel","","B2","","","09022025.docx","haiku","1"
"Le tien, la tienne Les tiens, les tiennes","Yours","OTHER_IN_SCOPE_TEACHABLE","Notes de cours de Andre.docx","chadi_authored","","","","","","Notes de cours de Andre.docx","table","1"
"Le vôtre / La vôtre Les vôtres","Yours","OTHER_IN_SCOPE_TEACHABLE","Notes de cours de Andre.docx","chadi_authored","","","","","","Notes de cours de Andre.docx","table","1"
"LEQUEL","Le projet pour lequel","OTHER_IN_SCOPE_TEACHABLE","Notes de cours de Andre.docx","chadi_authored","","","","","","Notes de cours de Andre.docx","table","2"
"les ai achetées","have bought them (with agreement)","OTHER_IN_SCOPE_TEACHABLE","Correction_devoir1.docx","chadi_authored","","","B1","","","Correction_devoir1.docx","haiku","1"
"Les verbes pronominaux","Reflexive verbs","OTHER_IN_SCOPE_TEACHABLE","Notes de cours de Andre.docx","chadi_authored","","","","","","Notes de cours de Andre.docx","regex","1"
"Like = les / Eat = des J'aime LES... / J'ai mangé DES","Same form for eat/like ""carrots"" = ""carrots","OTHER_IN_SCOPE_TEACHABLE","French_Articles_Course.docx","chadi_authored","","","","","","French_Articles_Course.docx","table","2"
"loin de","Les gens loin desquels je vis","OTHER_IN_SCOPE_TEACHABLE","Notes de cours de Andre.docx","chadi_authored","","","","","","Notes de cours de Andre.docx","table","2"
"Lors de mon dernier voyage","During my last trip","OTHER_IN_SCOPE_TEACHABLE","Exercices.docx","chadi_authored","semi_formel","","B1","","","Exercices.docx","haiku","1"
"lui / elle","Pronoms toniques (can be used with ANY verb + prep) –after the verb","OTHER_IN_SCOPE_TEACHABLE","Notes de cours de Andre.docx","chadi_authored","","","","","","Notes de cours de Andre.docx","regex","1"
"lui / leur","COI (indirect objects) – before the verb","OTHER_IN_SCOPE_TEACHABLE","Notes de cours de Andre.docx","chadi_authored","","","","","","Notes de cours de Andre.docx","regex","1"
"Lève-TOI!","Ne TE lève pas!","OTHER_IN_SCOPE_TEACHABLE","Notes de cours de Andre.docx","chadi_authored","","","","","","Notes de cours de Andre.docx","table","2"
"Manger → Mangé Tomber → Tombé Parler → Parlé","","OTHER_IN_SCOPE_TEACHABLE","Notes de cours de Andre.docx","chadi_authored","","","","","","Notes de cours de Andre.docx","table","2"
"marcher dans les montagnes","to walk in the mountains","OTHER_IN_SCOPE_TEACHABLE","03022025.docx","chadi_authored","informel","","A2","","","03022025.docx","haiku","1"
"mettre","to put","OTHER_IN_SCOPE_TEACHABLE","Jack-French-Session1-20Jan2025.docx","chadi_authored","","","","","","Jack-French-Session1-20Jan2025.docx","table","1"
"mettre en lumière","_______________________","OTHER_IN_SCOPE_TEACHABLE","Notes de cours pour Egor.docx","chadi_authored","","","","","","Notes de cours pour Egor.docx","table","2"
"mettre la patience à rude épreuve","to severely test patience","OTHER_IN_SCOPE_TEACHABLE","Le_Comportement_Complete_Guide.docx","chadi_authored","","","","","","Le_Comportement_Complete_Guide.docx","table","1"
"mettre mal à l'aise","to make uncomfortable","OTHER_IN_SCOPE_TEACHABLE","Le_Comportement_Complete_Guide.docx","chadi_authored","","","","","","Le_Comportement_Complete_Guide.docx","table","1"
"mettre à l'aise","to put at ease","OTHER_IN_SCOPE_TEACHABLE","Le_Comportement_Complete_Guide.docx","chadi_authored","","","","","","Le_Comportement_Complete_Guide.docx","table","1"
"montrer de la détermination","to show determination","OTHER_IN_SCOPE_TEACHABLE","17012025.docx","chadi_authored","formel","","B1","","","17012025.docx","haiku","1"
"Même si l’économie croît, il n’en reste pas moins que les inégalités augmentent. Even if the economy is growing, the fact remains that inequalities are increasing","Même si..., il n’en reste pas moins que... Even if..., the fact remains that","OTHER_IN_SCOPE_TEACHABLE","Les_Moules_Complete_Framework.docx","book_lab","","","","","","Les_Moules_Complete_Framework.docx","table","1"
"naviguer à vue","_______________________","OTHER_IN_SCOPE_TEACHABLE","Notes de cours pour Egor.docx","chadi_authored","","","","","","Notes de cours pour Egor.docx","table","2"
"Naître (to be born","Mourir (to die","OTHER_IN_SCOPE_TEACHABLE","Notes de cours de Andre.docx","chadi_authored","","","","","","Notes de cours de Andre.docx","table","3"
"ne cesse d'étonner","never stops surprising","OTHER_IN_SCOPE_TEACHABLE","Exercices.docx","chadi_authored","formel","","B2","","","Exercices.docx","haiku","1"
"ne pas cracher dans la soupe","not turn one's nose up at something","OTHER_IN_SCOPE_TEACHABLE","Le_Comportement_Complete_Guide.docx","chadi_authored","","","","","","Le_Comportement_Complete_Guide.docx","table","1"
"ne pas faire de chichis","to not make a fuss","OTHER_IN_SCOPE_TEACHABLE","Le_Comportement_Complete_Guide.docx","chadi_authored","","","","","","Le_Comportement_Complete_Guide.docx","table","1"
"ne pas faire de manières","to not put on airs","OTHER_IN_SCOPE_TEACHABLE","Le_Comportement_Complete_Guide.docx","chadi_authored","","","","","","Le_Comportement_Complete_Guide.docx","table","1"
"ne pas laisser de blancs prolongés","not to leave long silences","OTHER_IN_SCOPE_TEACHABLE","Réussir_la_tache_2.docx","chadi_authored","semi_formel","","B1","","","Réussir_la_tache_2.docx","haiku","1"
"ne pas pouvoir s'empêcher de","can't help (doing something","OTHER_IN_SCOPE_TEACHABLE","Le_Comportement_Complete_Guide.docx","chadi_authored","","","","","","Le_Comportement_Complete_Guide.docx","table","1"
"ne pas répondre à la provocation","to not respond to provocation","OTHER_IN_SCOPE_TEACHABLE","Le_Comportement_Complete_Guide.docx","chadi_authored","","","","","","Le_Comportement_Complete_Guide.docx","table","1"
"ne pas être opposé à","to not be opposed to","OTHER_IN_SCOPE_TEACHABLE","17012025.docx","chadi_authored","formel","","B1","","","17012025.docx","haiku","1"
"Ne soyez pas tenté d'abandonner","Don't be tempted to abandon","OTHER_IN_SCOPE_TEACHABLE","French_11.10.24.docx","chadi_authored","formel","","B1","","","French_11.10.24.docx","haiku","1"
"Ne t'en fais pas","don't worry","OTHER_IN_SCOPE_TEACHABLE","Introduction_to_colloquial_french.docx","chadi_authored","semi_formel","","A2","","","Introduction_to_colloquial_french.docx","haiku","1"
"No article after être Elle EST avocate","a"" before professions ""She's a lawyer","OTHER_IN_SCOPE_TEACHABLE","French_Articles_Course.docx","chadi_authored","","","","","","French_Articles_Course.docx","table","2"
"Nous devons comprendre les tenants et les aboutissants de cette situation","","OTHER_IN_SCOPE_TEACHABLE","correction_devoir.docx","chadi_authored","","","","","","correction_devoir.docx","table","1"
"Nous serions ravis de vous aider","We would be delighted to help you","OTHER_IN_SCOPE_TEACHABLE","Situations_hypoth_060325.docx","chadi_authored","","","","","","Situations_hypoth_060325.docx","regex","1"
"offre d'emploi","job offer","OTHER_IN_SCOPE_TEACHABLE","Réussir_la_tache_2.docx","chadi_authored","semi_formel","","A2","","","Réussir_la_tache_2.docx","haiku","1"
"On dit que... / Il se dit que... / Il paraît que","Les gens disent que","OTHER_IN_SCOPE_TEACHABLE","Les_Moules_Complete_Framework.docx","book_lab","","","","","","Les_Moules_Complete_Framework.docx","table","1"
"On m’a dit que le restaurant était fermé","I was told that","OTHER_IN_SCOPE_TEACHABLE","Les_Moules_Complete_Framework.docx","book_lab","","","","","","Les_Moules_Complete_Framework.docx","table","1"
"On s'est égarés et on a oublié de quoi on discutait","On s'est éloignés du sujet et on a perdu le fil de la conversation","OTHER_IN_SCOPE_TEACHABLE","Egor_SExprimer_Methode_Eureka.docx","chadi_authored","","","","","","Egor_SExprimer_Methode_Eureka.docx","table","1"
"On se capte pour un café","shall we meet up for a coffee","OTHER_IN_SCOPE_TEACHABLE","Introduction_to_colloquial_french.docx","chadi_authored","argotique","","B1","","","Introduction_to_colloquial_french.docx","haiku","1"
"On se retrouve pour un café","shall we meet for a coffee","OTHER_IN_SCOPE_TEACHABLE","Introduction_to_colloquial_french.docx","chadi_authored","semi_formel","","A2","","","Introduction_to_colloquial_french.docx","haiku","1"
"Où/Quand/Comment/Pourquoi... ?","où/quand/comment/pourquoi + statement","OTHER_IN_SCOPE_TEACHABLE","Notes de cours de Andre.docx","chadi_authored","","","","","","Notes de cours de Andre.docx","table","2"
"Parier","To bet","OTHER_IN_SCOPE_TEACHABLE","cours_06_02_2026.docx","chadi_authored","","","","","","cours_06_02_2026.docx","table","1"
"parler","to speak / to talk","OTHER_IN_SCOPE_TEACHABLE","Jack-French-Session1-20Jan2025.docx","chadi_authored","","","","","","Jack-French-Session1-20Jan2025.docx","table","2"
"parleraient","Ils","OTHER_IN_SCOPE_TEACHABLE","Notes de cours de Andre.docx","chadi_authored","","","","","","Notes de cours de Andre.docx","table","1"
"parlerais","Tu","OTHER_IN_SCOPE_TEACHABLE","Notes de cours de Andre.docx","chadi_authored","","","","","","Notes de cours de Andre.docx","table","1"
"parlerait","Il","OTHER_IN_SCOPE_TEACHABLE","Notes de cours de Andre.docx","chadi_authored","","","","","","Notes de cours de Andre.docx","table","1"
"parts de l'État","state shares","OTHER_IN_SCOPE_TEACHABLE","Exercices_21022025.docx","chadi_authored","formel","","B2","","","Exercices_21022025.docx","haiku","1"
"Parvenu","Parvenir","OTHER_IN_SCOPE_TEACHABLE","Notes de cours de Andre.docx","chadi_authored","","","","","","Notes de cours de Andre.docx","table","1"
"Passé récent","Futur proche","OTHER_IN_SCOPE_TEACHABLE","Notes de cours de Andre.docx","chadi_authored","","","","","","Notes de cours de Andre.docx","table","1"
"Permis","Permettre","OTHER_IN_SCOPE_TEACHABLE","Notes de cours de Andre.docx","chadi_authored","","","","","","Notes de cours de Andre.docx","table","1"
"perspective de carrière","career prospects","OTHER_IN_SCOPE_TEACHABLE","Réussir_la_tache_2.docx","chadi_authored","formel","","B1","","","Réussir_la_tache_2.docx","haiku","1"
"plein de","full of, lots of","OTHER_IN_SCOPE_TEACHABLE","French._quantities..docx","chadi_authored","informel","","A2","","","French._quantities..docx","haiku","1"
"plonger dans l'obscurité","to plunge into darkness","OTHER_IN_SCOPE_TEACHABLE","Power_Cut_Matthew_A2B1.docx","chadi_authored","","","","","","Power_Cut_Matthew_A2B1.docx","table","1"
"Pour les CHOSES, on utilise TOUJOURS LEQUEL après préposition","jamais ""avec qui","OTHER_IN_SCOPE_TEACHABLE","Notes de cours de Andre.docx","chadi_authored","","","","","","Notes de cours de Andre.docx","regex","2"
"pour moi, avec elle, chez nous","Pronoms toniques (moi, toi, lui","OTHER_IN_SCOPE_TEACHABLE","French_Object_Pronouns.docx","chadi_authored","","","","","","French_Object_Pronouns.docx","table","1"
"Pourquoi est-ce que ce livre est utile ? À quoi sert-il exactement ?","Why is this book useful? What is it exactly for?","OTHER_IN_SCOPE_TEACHABLE","15112024.docx","chadi_authored","","","","","","15112024.docx","regex","1"
"Pourquoi est-il important d’avoir des personnes sur lesquelles on peut compter ?","Why is it important to have people you can count on?","OTHER_IN_SCOPE_TEACHABLE","15112024.docx","chadi_authored","","","","","","15112024.docx","regex","1"
"Pourquoi est-il parfois difficile de s’entendre avec ses voisins ?","Why is it sometimes hard to get along with neighbors?","OTHER_IN_SCOPE_TEACHABLE","15112024.docx","chadi_authored","","","","","","15112024.docx","regex","1"
"POURQUOI why","Pourquoi est-ce que tu refuses ?","OTHER_IN_SCOPE_TEACHABLE","Notes de cours de Andre.docx","chadi_authored","","","","","","Notes de cours de Andre.docx","table","1"
"Pourriez-vous m'en dire davantage","Could you tell me more about it","OTHER_IN_SCOPE_TEACHABLE","Réussir_la_tache_2.docx","chadi_authored","formel","","B1","","","Réussir_la_tache_2.docx","haiku","1"
"Pourriez-vous me dire","Could you tell me","OTHER_IN_SCOPE_TEACHABLE","Notes de cours de Andre.docx","chadi_authored","","","","","","Notes de cours de Andre.docx","table","2"
"Pris","Prendre","OTHER_IN_SCOPE_TEACHABLE","Notes de cours de Andre.docx","chadi_authored","","","","","","Notes de cours de Andre.docx","table","2"
"prép+QUI","La personne avec qui","OTHER_IN_SCOPE_TEACHABLE","Notes de cours de Andre.docx","chadi_authored","","","","","","Notes de cours de Andre.docx","table","2"
"Qu'en est-il de","What about","OTHER_IN_SCOPE_TEACHABLE","13012025.docx","chadi_authored","semi_formel","","B1","","","13012025.docx","haiku","1"
"Qu'est-ce que","ce que","OTHER_IN_SCOPE_TEACHABLE","Notes de cours de Andre.docx","chadi_authored","","","","","","Notes de cours de Andre.docx","table","3"
"Qu'est-ce que... ?","ce que + statement order","OTHER_IN_SCOPE_TEACHABLE","Notes de cours de Andre.docx","chadi_authored","","","","","","Notes de cours de Andre.docx","table","2"
"Qu'est-ce qui","ce qui","OTHER_IN_SCOPE_TEACHABLE","Notes de cours de Andre.docx","chadi_authored","","","","","","Notes de cours de Andre.docx","table","3"
"Qu'il en soit ainsi !","So be it!","OTHER_IN_SCOPE_TEACHABLE","Annexe_Subjonctif_Exemples_Exhaustifs_Egor.docx","chadi_authored","","","","","","Annexe_Subjonctif_Exemples_Exhaustifs_Egor.docx","table","1"
"Qu'il s'en aille !","Let him go away!","OTHER_IN_SCOPE_TEACHABLE","Annexe_Subjonctif_Exemples_Exhaustifs_Egor.docx","chadi_authored","","","","","","Annexe_Subjonctif_Exemples_Exhaustifs_Egor.docx","table","2"
"Qu'à cela ne tienne !","Never mind that! / No problem!","OTHER_IN_SCOPE_TEACHABLE","Annexe_Subjonctif_Exemples_Exhaustifs_Egor.docx","chadi_authored","","","","","","Annexe_Subjonctif_Exemples_Exhaustifs_Egor.docx","table","1"
"Quand je conseille mes enfants, je parle dans le vide / je prêche dans le désert","Mes conseils entrent par une oreille et sortent par l'autre avec mes enfants","OTHER_IN_SCOPE_TEACHABLE","Egor_SExprimer_Methode_Eureka.docx","chadi_authored","","","","","","Egor_SExprimer_Methode_Eureka.docx","table","1"
"Quand même","Still / Even so","OTHER_IN_SCOPE_TEACHABLE","Les_Moules_Complete_Framework.docx","book_lab","","","","","","Les_Moules_Complete_Framework.docx","table","1"
"quantité de","quantity of, a lot of","OTHER_IN_SCOPE_TEACHABLE","French._quantities..docx","chadi_authored","formel","","B1","","","French._quantities..docx","haiku","1"
"Qui est ce que","Who + sujet + verbe","OTHER_IN_SCOPE_TEACHABLE","Notes de cours de Andre.docx","chadi_authored","","","","","","Notes de cours de Andre.docx","regex","1"
"Qui est ce qui","Who + verbe","OTHER_IN_SCOPE_TEACHABLE","Notes de cours de Andre.docx","chadi_authored","","","","","","Notes de cours de Andre.docx","regex","1"
"qui est garée","which is parked","OTHER_IN_SCOPE_TEACHABLE","Correction_devoir1.docx","chadi_authored","","","A2","","","Correction_devoir1.docx","haiku","1"
"Qui est-ce que/qui","qui","OTHER_IN_SCOPE_TEACHABLE","Notes de cours de Andre.docx","chadi_authored","","","","","","Notes de cours de Andre.docx","table","2"
"Qui est-ce qui/que... ?","qui + statement order","OTHER_IN_SCOPE_TEACHABLE","Notes de cours de Andre.docx","chadi_authored","","","","","","Notes de cours de Andre.docx","table","2"
"Qui s’inquiète souvent pour toi ?","Who often worries about you?","OTHER_IN_SCOPE_TEACHABLE","15112024.docx","chadi_authored","","","","","","15112024.docx","regex","1"
"Quitte à + infinitif","even if it means","OTHER_IN_SCOPE_TEACHABLE","Notes de cours pour Egor.docx","chadi_authored","","","","","","Notes de cours pour Egor.docx","regex","2"
"QUOI","Ce à quoi je pense","OTHER_IN_SCOPE_TEACHABLE","Notes de cours de Andre.docx","chadi_authored","","","","","","Notes de cours de Andre.docx","table","2"
"Quoi qu’il en soit","Be that as it may","OTHER_IN_SCOPE_TEACHABLE","Les_Moules_Complete_Framework.docx","book_lab","","","","","","Les_Moules_Complete_Framework.docx","table","1"
"QUOI s'utilise après une préposition quand l'antécédent est abstrait","ce, quelque chose, rien","OTHER_IN_SCOPE_TEACHABLE","Notes de cours de Andre.docx","chadi_authored","","","","","","Notes de cours de Andre.docx","regex","2"
"QUOI/QUE what","","OTHER_IN_SCOPE_TEACHABLE","Notes de cours de Andre.docx","chadi_authored","","","","","","Notes de cours de Andre.docx","table","1"
"Qu’est-ce que ta “bête noire” en ce moment ? Pourquoi ?","What is your “pet peeve” right now? Why?","OTHER_IN_SCOPE_TEACHABLE","15112024.docx","chadi_authored","","","","","","15112024.docx","regex","1"
"Qu’écoutes-tu ?","What are you listening to?","OTHER_IN_SCOPE_TEACHABLE","cours_francais_12_02_2026.docx","chadi_authored","","","","","","cours_francais_12_02_2026.docx","table","1"
"Ravi(e) de vous rencontrer","Delighted to meet you (formal","OTHER_IN_SCOPE_TEACHABLE","Jack-Speaking-Session2.docx","chadi_authored","","","","","","Jack-Speaking-Session2.docx","table","2"
"raviver de vieilles blessures","to reopen old wounds","OTHER_IN_SCOPE_TEACHABLE","Cause_Consequence_Methode_Eureka.docx","chadi_authored","","","","","","Cause_Consequence_Methode_Eureka.docx","table","1"
"recherche d'emploi","job search","OTHER_IN_SCOPE_TEACHABLE","Réussir_la_tache_2.docx","chadi_authored","semi_formel","","A2","","","Réussir_la_tache_2.docx","haiku","1"
"reconnaissance de notre travail","recognition of our work","OTHER_IN_SCOPE_TEACHABLE","Exercices_21022025.docx","chadi_authored","semi_formel","","B1","","","Exercices_21022025.docx","haiku","1"
"Reconnaître quand quelqu'un évite vos questions","langue de bois, esquiver","OTHER_IN_SCOPE_TEACHABLE","Egor_SExprimer_Methode_Eureka.docx","chadi_authored","","","","","","Egor_SExprimer_Methode_Eureka.docx","regex","1"
"Remis","Remettre","OTHER_IN_SCOPE_TEACHABLE","Notes de cours de Andre.docx","chadi_authored","","","","","","Notes de cours de Andre.docx","table","1"
"Rendre","to make / to transform","OTHER_IN_SCOPE_TEACHABLE","Notes de cours de Andre.docx","chadi_authored","","","","","","Notes de cours de Andre.docx","regex","1"
"Repris","Reprendre","OTHER_IN_SCOPE_TEACHABLE","Notes de cours de Andre.docx","chadi_authored","","","","","","Notes de cours de Andre.docx","table","1"
"Retourner (to return","Rentrer (to go home","OTHER_IN_SCOPE_TEACHABLE","Notes de cours de Andre.docx","chadi_authored","","","","","","Notes de cours de Andre.docx","table","2"
"riche en émotions","rich in emotions","OTHER_IN_SCOPE_TEACHABLE","03022025.docx","chadi_authored","semi_formel","","B1","","","03022025.docx","haiku","1"
"Rien de ouf","nothing crazy","OTHER_IN_SCOPE_TEACHABLE","Introduction_to_colloquial_french.docx","chadi_authored","argotique","","B1","","","Introduction_to_colloquial_french.docx","haiku","1"
"réagir à chaud","to react in the heat of the moment","OTHER_IN_SCOPE_TEACHABLE","Le_Comportement_Complete_Guide.docx","chadi_authored","","","","","","Le_Comportement_Complete_Guide.docx","table","1"
"Réfléchi","Réfléchir","OTHER_IN_SCOPE_TEACHABLE","Notes de cours de Andre.docx","chadi_authored","","","","","","Notes de cours de Andre.docx","table","2"
"réserver un billet d'avion","to book a plane ticket","OTHER_IN_SCOPE_TEACHABLE","03022025.docx","chadi_authored","semi_formel","","A2","","","03022025.docx","haiku","1"
"Réveille-TOI!","Ne TE réveille pas!","OTHER_IN_SCOPE_TEACHABLE","Notes de cours de Andre.docx","chadi_authored","","","","","","Notes de cours de Andre.docx","table","2"
"Réveiller = to wake","someone up","OTHER_IN_SCOPE_TEACHABLE","Notes de cours de Andre.docx","chadi_authored","","","","","","Notes de cours de Andre.docx","regex","1"
"Réveillez-VOUS!","Ne VOUS réveillez pas!","OTHER_IN_SCOPE_TEACHABLE","Notes de cours de Andre.docx","chadi_authored","","","","","","Notes de cours de Andre.docx","table","2"
"Réveillons-NOUS!","Ne NOUS réveillons pas!","OTHER_IN_SCOPE_TEACHABLE","Notes de cours de Andre.docx","chadi_authored","","","","","","Notes de cours de Andre.docx","table","2"
"s'en donner à cœur joie","to have a whale of a time","OTHER_IN_SCOPE_TEACHABLE","Le_Comportement_Complete_Guide.docx","chadi_authored","","","","","","Le_Comportement_Complete_Guide.docx","table","1"
"sans","Le collègue sans lequel","OTHER_IN_SCOPE_TEACHABLE","Notes de cours de Andre.docx","chadi_authored","","","","","","Notes de cours de Andre.docx","table","2"
"sans l'ombre d'un doute","_______________________","OTHER_IN_SCOPE_TEACHABLE","Notes de cours pour Egor.docx","chadi_authored","","","","","","Notes de cours pour Egor.docx","table","2"
"se couper en quatre","to bend over backwards","OTHER_IN_SCOPE_TEACHABLE","Le_Comportement_Complete_Guide.docx","chadi_authored","","","","","","Le_Comportement_Complete_Guide.docx","table","1"
"Si ce livre ne servait à rien, que ferais-tu avec ?","If this book served no purpose, what would you do with it?","OTHER_IN_SCOPE_TEACHABLE","15112024.docx","chadi_authored","","","","","","15112024.docx","regex","1"
"Si tu devais compter sur une seule personne pour réaliser un rêve, qui choisirais-tu et pourquoi ?","If you had to count on one person to achieve a dream, who would you choose and why?","OTHER_IN_SCOPE_TEACHABLE","15112024.docx","chadi_authored","","","","","","15112024.docx","regex","1"
"Son discours a déchaîné les réactions violentes","","OTHER_IN_SCOPE_TEACHABLE","correction_devoir.docx","chadi_authored","","","","","","correction_devoir.docx","table","1"
"Son frère travaille dans une ville. Cette ville se trouve près de Montréal","place","OTHER_IN_SCOPE_TEACHABLE","Notes de cours de Andre.docx","chadi_authored","","","","","","Notes de cours de Andre.docx","regex","1"
"sortir de ses gonds","to lose one's temper, to snap","OTHER_IN_SCOPE_TEACHABLE","Le_Comportement_Complete_Guide.docx","chadi_authored","","","","","","Le_Comportement_Complete_Guide.docx","table","1"
"sous","ce sous quoi","OTHER_IN_SCOPE_TEACHABLE","Notes de cours de Andre.docx","chadi_authored","","","","","","Notes de cours de Andre.docx","regex","1"
"soyez prêt à improviser","be ready to improvise","OTHER_IN_SCOPE_TEACHABLE","Réussir_la_tache_2.docx","chadi_authored","semi_formel","","B1","","","Réussir_la_tache_2.docx","haiku","1"
"subir le contrecoup / pâtir de","to suffer the backlash / to suffer from","OTHER_IN_SCOPE_TEACHABLE","Cause_Consequence_Methode_Eureka.docx","chadi_authored","","","","","","Cause_Consequence_Methode_Eureka.docx","table","1"
"S’occuper de Je m’occupe de Tu t’occupes de Il s’occupe de Nous nous occupons de Vous vous occupez de Ils s’occupent de","Se passer de Je me passe de Tu te passes de Il se passe de Nous nous passons de Vous vous passez de Ils se passent de","OTHER_IN_SCOPE_TEACHABLE","Notes de cours de Andre.docx","chadi_authored","","","","","","Notes de cours de Andre.docx","table","1"
"t'as fini à quelle heure","what time did you finish","OTHER_IN_SCOPE_TEACHABLE","Introduction_to_colloquial_french.docx","chadi_authored","informel","","A2","","","Introduction_to_colloquial_french.docx","haiku","1"
"t'as un spot en tête","do you have a place in mind","OTHER_IN_SCOPE_TEACHABLE","Introduction_to_colloquial_french.docx","chadi_authored","informel","","B1","","","Introduction_to_colloquial_french.docx","haiku","1"
"Tenu","Tenir","OTHER_IN_SCOPE_TEACHABLE","Notes de cours de Andre.docx","chadi_authored","","","","","","Notes de cours de Andre.docx","table","1"
"The relative pronoun IS the subject","The relative pronoun IS the object","OTHER_IN_SCOPE_TEACHABLE","Notes de cours de Andre.docx","chadi_authored","","","","","","Notes de cours de Andre.docx","table","2"
"Things/Ideas/Clauses preceded by à","NEVER people!","OTHER_IN_SCOPE_TEACHABLE","French_Object_Pronouns_Complete_Guide.docx","chadi_authored","","","","","","French_Object_Pronouns_Complete_Guide.docx","regex","2"
"to go down (movement) Je suis descendu(e). I went downstairs","to bring/take something down J'ai descendu la télé. I brought the TV down","OTHER_IN_SCOPE_TEACHABLE","Notes de cours de Andre.docx","chadi_authored","","","","","","Notes de cours de Andre.docx","table","2"
"to go out (movement) Je suis sorti(e) avec mes amis. I went out with my friends","to take something out J'ai sorti la télé de ma chambre. I took the TV out of my room","OTHER_IN_SCOPE_TEACHABLE","Notes de cours de Andre.docx","chadi_authored","","","","","","Notes de cours de Andre.docx","table","2"
"to go up (movement) Je suis monté(e) dans les escaliers. I went up the stairs","to bring/take something up J'ai monté la télé à la chambre. I brought the TV up to the room","OTHER_IN_SCOPE_TEACHABLE","Notes de cours de Andre.docx","chadi_authored","","","","","","Notes de cours de Andre.docx","table","2"
"to return / go back (movement) Je suis retourné(e) à Paris. I returned to Paris","to return something (give back) J'ai retourné le produit au magasin. I returned the product to the store","OTHER_IN_SCOPE_TEACHABLE","Notes de cours de Andre.docx","chadi_authored","","","","","","Notes de cours de Andre.docx","table","2"
"tout à l'heure","in a moment / shortly / soon","OTHER_IN_SCOPE_TEACHABLE","03022025.docx","chadi_authored","informel","","A2","","","03022025.docx","haiku","1"
"transports en commun","transports publics","OTHER_IN_SCOPE_TEACHABLE","TCF_Canada___Expression_Orale_(Tâche_3)__Thèmes_courants_et_vocabulaire_essentiel.docx","chadi_authored","","","","","","TCF_Canada___Expression_Orale_(Tâche_3)__Thèmes_courants_et_vocabulaire_essentiel.docx","regex","1"
"travailler en présentiel","to work in person","OTHER_IN_SCOPE_TEACHABLE","13012025.docx","chadi_authored","semi_formel","","B1","","","13012025.docx","haiku","1"
"travailler à distance","to work remotely","OTHER_IN_SCOPE_TEACHABLE","13012025.docx","chadi_authored","semi_formel","","B1","","","13012025.docx","haiku","1"
"trop de choses à gérer","too many things to handle","OTHER_IN_SCOPE_TEACHABLE","Introduction_to_colloquial_french.docx","chadi_authored","semi_formel","","A2","","","Introduction_to_colloquial_french.docx","haiku","1"
"trousse de secours","first aid kit","OTHER_IN_SCOPE_TEACHABLE","Discours_indirect.docx","chadi_authored","formel","","B1","","","Discours_indirect.docx","haiku","1"
"Tu as beaucoup d'expérience ?","Do you have a lot of experience?","OTHER_IN_SCOPE_TEACHABLE","Jack_French_Class_2.docx","chadi_authored","","","","","","Jack_French_Class_2.docx","table","1"
"Tu as un endroit en tête","do you have a place in mind","OTHER_IN_SCOPE_TEACHABLE","Introduction_to_colloquial_french.docx","chadi_authored","semi_formel","","A2","","","Introduction_to_colloquial_french.docx","haiku","1"
"Tu en parles ?","de + thing = EN","OTHER_IN_SCOPE_TEACHABLE","French_Object_Pronouns.docx","chadi_authored","","","","","","French_Object_Pronouns.docx","regex","1"
"Tu es responsable d’un projet important au travail. Sur qui comptes-tu pour garantir son succès ? Pourquoi ?","You’re responsible for an important project at work. Who do you count on to ensure its success, and why?","OTHER_IN_SCOPE_TEACHABLE","15112024.docx","chadi_authored","","","","","","15112024.docx","regex","1"
"Tu parles de ton frère ?","Oui, j'en parle. → _______________","OTHER_IN_SCOPE_TEACHABLE","French_Pronouns_Extra_Exercises.docx","chadi_authored","","","","","","French_Pronouns_Extra_Exercises.docx","regex","1"
"Tu parles à ton frère ?","Oui, je _____ parle tous les jours","OTHER_IN_SCOPE_TEACHABLE","French_Pronouns_Extra_Exercises.docx","chadi_authored","","","","","","French_Pronouns_Extra_Exercises.docx","regex","1"
"Tu penses à Marie ?","Oui, j'y pense. → _______________","OTHER_IN_SCOPE_TEACHABLE","French_Pronouns_Extra_Exercises.docx","chadi_authored","","","","","","French_Pronouns_Extra_Exercises.docx","regex","1"
"Tu penses à ton avenir ?","Do you think about your future?","OTHER_IN_SCOPE_TEACHABLE","French_Object_Pronouns.docx","chadi_authored","","","","","","French_Object_Pronouns.docx","table","1"
"Tu téléphones à Marie ?","Tu lui téléphones ?","OTHER_IN_SCOPE_TEACHABLE","French_Object_Pronouns.docx","chadi_authored","","","","","","French_Object_Pronouns.docx","table","1"
"Tu veux en discuter","do you want to discuss it","OTHER_IN_SCOPE_TEACHABLE","Introduction_to_colloquial_french.docx","chadi_authored","semi_formel","","A2","","","Introduction_to_colloquial_french.docx","haiku","1"
"Un / Une / Des","Une voiture = A car","OTHER_IN_SCOPE_TEACHABLE","Notes de cours de Andre.docx","chadi_authored","","","","","","Notes de cours de Andre.docx","regex","1"
"un accident de la circulation","a traffic accident","OTHER_IN_SCOPE_TEACHABLE","sumit_passive_voice.docx","chadi_authored","","","","","","sumit_passive_voice.docx","table","1"
"un an auparavant (a year before","il y a un an (a year ago","OTHER_IN_SCOPE_TEACHABLE","Notes de cours de Andre.docx","chadi_authored","","","","","","Notes de cours de Andre.docx","table","2"
"un coup de pouce","a boost, a little help","OTHER_IN_SCOPE_TEACHABLE","Le_Comportement_Complete_Guide.docx","chadi_authored","","","","","","Le_Comportement_Complete_Guide.docx","table","1"
"un excellent film (plus emphatique) une grossière erreur (plus marqué) une magnifique aventure (plus littéraire","un film excellent une erreur grossière une aventure magnifique","OTHER_IN_SCOPE_TEACHABLE","Notes de cours de Andre.docx","chadi_authored","","","","","","Notes de cours de Andre.docx","table","2"
"un feu de paille","a flash in the pan","OTHER_IN_SCOPE_TEACHABLE","Le_Comportement_Complete_Guide.docx","chadi_authored","","","","","","Le_Comportement_Complete_Guide.docx","table","1"
"un grand nombre de","a large number of","OTHER_IN_SCOPE_TEACHABLE","French._quantities..docx","chadi_authored","formel","","B1","","","French._quantities..docx","haiku","1"
"un havre de paix","a haven of peace","OTHER_IN_SCOPE_TEACHABLE","Le_Comportement_Complete_Guide.docx","chadi_authored","","","","","","Le_Comportement_Complete_Guide.docx","table","1"
"un jeune étudiant des jeunes étudiants","a young student young students","OTHER_IN_SCOPE_TEACHABLE","Notes de cours de Andre.docx","chadi_authored","","","","","","Notes de cours de Andre.docx","table","2"
"un peu de tenue !","a little decorum!","OTHER_IN_SCOPE_TEACHABLE","Le_Comportement_Complete_Guide.docx","chadi_authored","","","","","","Le_Comportement_Complete_Guide.docx","table","1"
"un soupir de soulagement","a sigh of relief","OTHER_IN_SCOPE_TEACHABLE","Power_Cut_Matthew_A2B1.docx","chadi_authored","","","","","","Power_Cut_Matthew_A2B1.docx","table","1"
"un sujet de ton choix","a topic of your choice","OTHER_IN_SCOPE_TEACHABLE","Exercices.docx","chadi_authored","semi_formel","","A2","","","Exercices.docx","haiku","1"
"un élan de solidarité","a wave of solidarity","OTHER_IN_SCOPE_TEACHABLE","Le_Comportement_Complete_Guide.docx","chadi_authored","","","","","","Le_Comportement_Complete_Guide.docx","table","1"
"une coupure de courant","a power outage","OTHER_IN_SCOPE_TEACHABLE","Power_Cut_Matthew_A2B1.docx","chadi_authored","","","","","","Power_Cut_Matthew_A2B1.docx","table","1"
"une foule de","a lot of, a crowd of","OTHER_IN_SCOPE_TEACHABLE","French._quantities..docx","chadi_authored","semi_formel","","B1","","","French._quantities..docx","haiku","1"
"une gueule d'enterrement","a funeral face","OTHER_IN_SCOPE_TEACHABLE","Le_Comportement_Complete_Guide.docx","chadi_authored","","","","","","Le_Comportement_Complete_Guide.docx","table","1"
"une multitude de","a multitude of","OTHER_IN_SCOPE_TEACHABLE","French._quantities..docx","chadi_authored","formel","","B2","","","French._quantities..docx","haiku","1"
"Une partie du gâteau","a part of the cake","OTHER_IN_SCOPE_TEACHABLE","12112024.docx","chadi_authored","","","","","","12112024.docx","regex","1"
"Une partie mécanique","the mechanical part of a whole vehicle","OTHER_IN_SCOPE_TEACHABLE","12112024.docx","chadi_authored","","","","","","12112024.docx","regex","1"
"une patience d'ange","the patience of a saint","OTHER_IN_SCOPE_TEACHABLE","Le_Comportement_Complete_Guide.docx","chadi_authored","","","","","","Le_Comportement_Complete_Guide.docx","table","1"
"Une pièce de monnaie","a coin","OTHER_IN_SCOPE_TEACHABLE","12112024.docx","chadi_authored","","","","","","12112024.docx","regex","1"
"Une pièce mécanique","a mechanical part","OTHER_IN_SCOPE_TEACHABLE","12112024.docx","chadi_authored","","","","","","12112024.docx","regex","1"
"une vingtaine de","une vingtaine d’étudiants","OTHER_IN_SCOPE_TEACHABLE","cours_articles_11_02_2026.docx","chadi_authored","","","","","","cours_articles_11_02_2026.docx","table","1"
"Venir (présent) + de + infinitif","Aller (présent) + infinitif","OTHER_IN_SCOPE_TEACHABLE","Notes de cours de Andre.docx","chadi_authored","","","","","","Notes de cours de Andre.docx","table","1"
"Venu","Venir","OTHER_IN_SCOPE_TEACHABLE","Notes de cours de Andre.docx","chadi_authored","","","","","","Notes de cours de Andre.docx","table","1"
"Verb ends in vowel (a, e): Parle-t-il ? Écoute-t-elle ? A-t-il ? Va-t-on ? Y a-t-il ? (The -t- creates the link","Verb ends in consonant: Prend-il ? Vient-elle ? Peut-on ? Fait-il ? (The -d or -t already links","OTHER_IN_SCOPE_TEACHABLE","Notes de cours de Andre.docx","chadi_authored","","","","","","Notes de cours de Andre.docx","table","2"
"Vieille","Vieux Old","OTHER_IN_SCOPE_TEACHABLE","Notes de cours de Andre.docx","chadi_authored","","","","","","Notes de cours de Andre.docx","table","2"
"Vieux Old","Vieil","OTHER_IN_SCOPE_TEACHABLE","Notes de cours de Andre.docx","chadi_authored","","","","","","Notes de cours de Andre.docx","table","1"
"Voulu","Vouloir","OTHER_IN_SCOPE_TEACHABLE","Notes de cours de Andre.docx","chadi_authored","","","","","","Notes de cours de Andre.docx","table","1"
"Vous vous êtes souvenu(e)(s","Tu t'es souvenu(e","OTHER_IN_SCOPE_TEACHABLE","Notes de cours de Andre.docx","chadi_authored","","","","","","Notes de cours de Andre.docx","table","2"
"What DOES the action? Qu'est-ce qui s'est passé ? (No short form exists!","What RECEIVES the action? Qu'est-ce que tu fais ? (inversion: Que fais-tu ?","OTHER_IN_SCOPE_TEACHABLE","Notes de cours de Andre.docx","chadi_authored","","","","","","Notes de cours de Andre.docx","table","2"
"When the antecedent is a time expression (un jour, un moment, une époque, une année...), French uses où","not « que » or « quand »","OTHER_IN_SCOPE_TEACHABLE","Notes de cours de Andre.docx","chadi_authored","","","","","","Notes de cours de Andre.docx","regex","1"
"Y (replaces À + thing/place","EN (replaces DE + thing","OTHER_IN_SCOPE_TEACHABLE","French_Object_Pronouns.docx","chadi_authored","","","","","","French_Object_Pronouns.docx","table","1"
"Y replaces ""à + thing/place","NOT people!","OTHER_IN_SCOPE_TEACHABLE","French_Object_Pronouns.docx","chadi_authored","","","","","","French_Object_Pronouns.docx","regex","1"
"Y → Replaces ""à + something","place, idea, object","OTHER_IN_SCOPE_TEACHABLE","Completed_quiz_prepositions__1.docx","chadi_authored","","","","","","Completed_quiz_prepositions__1.docx","regex","2"
"Y’a-t-il un lit ?","Yes, there is ! Oui, il y en a","OTHER_IN_SCOPE_TEACHABLE","Notes de cours de Andre.docx","chadi_authored","","","","","","Notes de cours de Andre.docx","regex","1"
"« Espérer » = affirmation de l'avenir → indicatif","J'espère qu'il partira. ✓ (INDICATIF","OTHER_IN_SCOPE_TEACHABLE","Le_Subjonctif_Guide_Complet_Egor.docx","chadi_authored","","","","","","Le_Subjonctif_Guide_Complet_Egor.docx","table","1"
"« J'étais dans le magasin quand... »","IMP + PC","OTHER_IN_SCOPE_TEACHABLE","DELF_B1_Temps_du_passe.docx","chadi_authored","","","","","","DELF_B1_Temps_du_passe.docx","regex","1"
"« Ne touche pas à ça ! »","","OTHER_IN_SCOPE_TEACHABLE","Notes de cours de Andre.docx","chadi_authored","","","","","","Notes de cours de Andre.docx","table","1"
"« Personne ne s'attendait à cela","une panne qui rapproche les gens » → « cela » annonce ce qui suit","OTHER_IN_SCOPE_TEACHABLE","Power_Cut_Matthew_A2B1.docx","chadi_authored","","","","","","Power_Cut_Matthew_A2B1.docx","regex","1"
"« Tu connais Dijon ? »","Yes/No Q","OTHER_IN_SCOPE_TEACHABLE","Notes de cours de Andre.docx","chadi_authored","","","","","","Notes de cours de Andre.docx","table","1"
"« Tu veux venir ce soir ? »","","OTHER_IN_SCOPE_TEACHABLE","Notes de cours de Andre.docx","chadi_authored","","","","","","Notes de cours de Andre.docx","table","1"
"à la bonne franquette","casually, informally","OTHER_IN_SCOPE_TEACHABLE","Le_Comportement_Complete_Guide.docx","chadi_authored","","","","","","Le_Comportement_Complete_Guide.docx","table","1"
"à laquelle","Fem. Sing","OTHER_IN_SCOPE_TEACHABLE","Notes de cours de Andre.docx","chadi_authored","","","","","","Notes de cours de Andre.docx","table","2"
"à lui/elle (to him/her","lui","OTHER_IN_SCOPE_TEACHABLE","Matt_COD_COI_Exercises.docx","chadi_authored","","","","","","Matt_COD_COI_Exercises.docx","table","2"
"à moi (to me","me / m","OTHER_IN_SCOPE_TEACHABLE","Matt_COD_COI_Exercises.docx","chadi_authored","","","","","","Matt_COD_COI_Exercises.docx","table","2"
"à moins que","unless","OTHER_IN_SCOPE_TEACHABLE","Annexe_Subjonctif_Exemples_Exhaustifs_Egor.docx","chadi_authored","","","","","","Annexe_Subjonctif_Exemples_Exhaustifs_Egor.docx","table","1"
"à nous (to us","nous","OTHER_IN_SCOPE_TEACHABLE","Matt_COD_COI_Exercises.docx","chadi_authored","","","","","","Matt_COD_COI_Exercises.docx","table","2"
"À quelle heure tu rentreras","what time you'll be back","OTHER_IN_SCOPE_TEACHABLE","Dialogue_discours_indirecte.docx","chadi_authored","informel","","A2","","","Dialogue_discours_indirecte.docx","haiku","1"
"À qui as-tu récemment donné un cadeau, et pourquoi ?","Who did you recently give a gift to, and why?","OTHER_IN_SCOPE_TEACHABLE","15112024.docx","chadi_authored","","","","","","15112024.docx","regex","1"
"À qui tu parles","who you're talking to","OTHER_IN_SCOPE_TEACHABLE","Dialogue_discours_indirecte.docx","chadi_authored","informel","","A1","","","Dialogue_discours_indirecte.docx","haiku","1"
"à quoi est ce que avec quoi est ce que","ce à quoi ce avec quoi","OTHER_IN_SCOPE_TEACHABLE","Notes de cours de Andre.docx","chadi_authored","","","","","","Notes de cours de Andre.docx","table","1"
"À quoi est-ce que...? (verbs + à","ce à quoi","OTHER_IN_SCOPE_TEACHABLE","Notes de cours de Andre.docx","chadi_authored","","","","","","Notes de cours de Andre.docx","table","2"
"à tête reposée","with a clear head, calmly","OTHER_IN_SCOPE_TEACHABLE","Le_Comportement_Complete_Guide.docx","chadi_authored","","","","","","Le_Comportement_Complete_Guide.docx","table","1"
"À vrai dire","To be honest","OTHER_IN_SCOPE_TEACHABLE","Les_Moules_Complete_Framework.docx","book_lab","","","","","","Les_Moules_Complete_Framework.docx","table","1"
"Ça ne se fait pas en France","People do this","OTHER_IN_SCOPE_TEACHABLE","Les_Moules_Complete_Framework.docx","book_lab","","","","","","Les_Moules_Complete_Framework.docx","table","1"
"Ça se comprend","Les gens comprennent","OTHER_IN_SCOPE_TEACHABLE","Les_Moules_Complete_Framework.docx","book_lab","","","","","","Les_Moules_Complete_Framework.docx","table","1"
"établir un programme de révision","to set up a revision schedule","OTHER_IN_SCOPE_TEACHABLE","17012025.docx","chadi_authored","formel","","B1","","","17012025.docx","haiku","1"
"évolution de carrière","career advancement","OTHER_IN_SCOPE_TEACHABLE","Exercices_21022025.docx","chadi_authored","formel","","B1","","","Exercices_21022025.docx","haiku","1"
"être d'un abord facile","to be approachable","OTHER_IN_SCOPE_TEACHABLE","Le_Comportement_Complete_Guide.docx","chadi_authored","","","","","","Le_Comportement_Complete_Guide.docx","table","1"
"être dans de bonnes dispositions","to be in a good mood","OTHER_IN_SCOPE_TEACHABLE","Le_Comportement_Complete_Guide.docx","chadi_authored","","","","","","Le_Comportement_Complete_Guide.docx","table","1"
"être de bonne composition","to be easy-going","OTHER_IN_SCOPE_TEACHABLE","Le_Comportement_Complete_Guide.docx","chadi_authored","","","","","","Le_Comportement_Complete_Guide.docx","table","1"
"être de bonne foi","to act in good faith","OTHER_IN_SCOPE_TEACHABLE","Le_Comportement_Complete_Guide.docx","chadi_authored","","","","","","Le_Comportement_Complete_Guide.docx","table","1"
"être de mauvaise foi","to act in bad faith","OTHER_IN_SCOPE_TEACHABLE","Le_Comportement_Complete_Guide.docx","chadi_authored","","","","","","Le_Comportement_Complete_Guide.docx","table","3"
"Être direct sans être brutal","ne pas aller par quatre chemins, sans ambages","OTHER_IN_SCOPE_TEACHABLE","Egor_SExprimer_Methode_Eureka.docx","chadi_authored","","","","","","Egor_SExprimer_Methode_Eureka.docx","regex","1"
"être déterminé à réussir","to be determined to succeed","OTHER_IN_SCOPE_TEACHABLE","17012025.docx","chadi_authored","formel","","B1","","","17012025.docx","haiku","1"
"être en empathie avec","to be in tune with","OTHER_IN_SCOPE_TEACHABLE","Le_Comportement_Complete_Guide.docx","chadi_authored","","","","","","Le_Comportement_Complete_Guide.docx","table","1"
"être heurté(e) par un véhicule","to be hit by a vehicle [PASSIVE","OTHER_IN_SCOPE_TEACHABLE","sumit_passive_voice.docx","chadi_authored","","","","","","sumit_passive_voice.docx","table","1"
"…aient","Ils","OTHER_IN_SCOPE_TEACHABLE","Notes de cours de Andre.docx","chadi_authored","","","","","","Notes de cours de Andre.docx","table","1"
"…ions","Nous","OTHER_IN_SCOPE_TEACHABLE","Notes de cours de Andre.docx","chadi_authored","","","","","","Notes de cours de Andre.docx","table","1"
"□ COD/COI - Pronoms compléments • Le/la/les (COD) vs lui/leur (COI) • Placement avec temps simples et composés • Verbes à COD vs verbes à COI • Communication Progressive Ch. 18-19 • Activité: Transformer 10 phrases avec pronoms","","OTHER_IN_SCOPE_TEACHABLE","Notes de cours de Andre.docx","chadi_authored","","","","","","Notes de cours de Andre.docx","table","1"
"□ Conditionnel - Présent et passé • Formation et usage du conditionnel présent • Conditionnel passé pour les regrets • Si + imparfait/plus-que-parfait • Communication Progressive Ch. 36 • Activité: Monologue ""Si j'étais... / Si j'avais..."" (5 min","12","OTHER_IN_SCOPE_TEACHABLE","Notes de cours de Andre.docx","chadi_authored","","","","","","Notes de cours de Andre.docx","table","1"
"□ Conjugaisons - Les 3 groupes au présent • Maîtriser les 3 groupes + avoir/être • La négation avec tous les temps • Règle du ""de"" avec articles indéfinis en négation • Communication Progressive Ch. 1-2 • Activité: Raconter sa routine quotidienne","","OTHER_IN_SCOPE_TEACHABLE","Notes de cours de Andre.docx","chadi_authored","","","","","","Notes de cours de Andre.docx","table","1"
"□ Discours indirect + Impératif • Impératif (tu/nous/vous forms) • Transformer discours direct → indirect • Changements de temps et pronoms • Impératif dans le discours indirect • Communication Progressive Ch. 21 • Activité: Rapporter ordres/conseils reçus cette semaine","","OTHER_IN_SCOPE_TEACHABLE","Notes de cours de Andre.docx","chadi_authored","","","","","","Notes de cours de Andre.docx","table","1"
"□ Les articles - Système complet • Définis (le/la/les) vs indéfinis (un/une/des) vs partitifs (du/de la) • Articles contractés (au/aux/du/des) • Quand utiliser/omettre les articles • Communication Progressive Ch. 6 • Listening: France Inter - repérer les articles • Activité: Décrire 5 objets avec articles corrects","","OTHER_IN_SCOPE_TEACHABLE","Notes de cours de Andre.docx","chadi_authored","","","","","","Notes de cours de Andre.docx","table","1"
"□ Passé composé + Imparfait • Avoir vs être au passé composé • Accord du participe passé • Imparfait vs passé composé (quand utiliser chaque temps) • Communication Progressive Ch. 24 • Activité: Raconter une histoire au passé (5 min","","OTHER_IN_SCOPE_TEACHABLE","Notes de cours de Andre.docx","chadi_authored","","","","","","Notes de cours de Andre.docx","table","1"
"□ Pronoms relatifs - qui/que/où/dont • Construction et usage de chaque pronom • Éviter les phrases hachées • Lier les idées naturellement • Communication Progressive Ch. 29 • Activité: Décrire 5 personnes avec pronoms relatifs","","OTHER_IN_SCOPE_TEACHABLE","Notes de cours de Andre.docx","chadi_authored","","","","","","Notes de cours de Andre.docx","table","1"
"□ Questions - Les 3 formes • Questions fermées (3 méthodes: inversion, est-ce que, intonation) • Questions ouvertes avec prépositions (de quoi, à quoi, avec quoi) • Formel vs informel • Communication Progressive Ch. 10 • Activité: Interviewer quelqu'un (10 questions","","OTHER_IN_SCOPE_TEACHABLE","Notes de cours de Andre.docx","chadi_authored","","","","","","Notes de cours de Andre.docx","table","1"
"□ Raconter et rapporter - Discours indirect avancé • Rapporter conversations complexes • Concordance des temps • Résumer un article/vidéo • Communication Progressive Ch. 28 • Listening: Interview à résumer • Activité: Rapporter ce qu'on lui a raconté cette semaine","21","OTHER_IN_SCOPE_TEACHABLE","Notes de cours de Andre.docx","chadi_authored","","","","","","Notes de cours de Andre.docx","table","1"
"□ Subjonctif - Introduction • Quand utiliser le subjonctif (déclencheurs communs) • Formation du subjonctif présent • Il faut que, bien que, pour que, je doute que • Communication Progressive Ch. 12 • Activité: Exprimer doutes et émotions sur un sujet","13","OTHER_IN_SCOPE_TEACHABLE","Notes de cours de Andre.docx","chadi_authored","","","","","","Notes de cours de Andre.docx","table","1"
"□ Temps et durée - Depuis/Pendant/Il y a • Depuis (+ présent/imparfait) • Pendant vs pour • Il y a vs dans • En/dans pour durée future • Communication Progressive Ch. 6 • Activité: Timeline de sa vie avec expressions temporelles","14","OTHER_IN_SCOPE_TEACHABLE","Notes de cours de Andre.docx","chadi_authored","","","","","","Notes de cours de Andre.docx","table","1"
"⚠ « mauvais » (adjectif), pas « mal »","adverbe","OTHER_IN_SCOPE_TEACHABLE","correction_devoir.docx","chadi_authored","","","","","","correction_devoir.docx","regex","1"
"⚠️ CE À QUOI vs CE DONT : ""Ce à quoi je pense"" (penser À) vs ""Ce dont je parle","parler DE","OTHER_IN_SCOPE_TEACHABLE","Notes de cours de Andre.docx","chadi_authored","","","","","","Notes de cours de Andre.docx","regex","2"
"⚠️ QUI ne s'élide JAMAIS : ""L'homme qui arrive","pas ""qu'arrive","OTHER_IN_SCOPE_TEACHABLE","Notes de cours de Andre.docx","chadi_authored","","","","","","Notes de cours de Andre.docx","regex","2"
"✓ ""Le livre que j'ai lu était bien"" =","que is required!","OTHER_IN_SCOPE_TEACHABLE","Notes de cours de Andre.docx","chadi_authored","","","","","","Notes de cours de Andre.docx","regex","2"
"✓ Il a dit qu'il ne RÉPONDRAIT pas au téléphone =","past reporting","OTHER_IN_SCOPE_TEACHABLE","Notes de cours de Andre.docx","chadi_authored","","","","","","Notes de cours de Andre.docx","regex","2"
"✓ Il a dit que son amie AVAIT TÉLÉPHONÉ chez lui à 3 heures du matin =","past reporting","OTHER_IN_SCOPE_TEACHABLE","Notes de cours de Andre.docx","chadi_authored","","","","","","Notes de cours de Andre.docx","regex","2"
"✓ J'ai besoin de réponses","non-specific","OTHER_IN_SCOPE_TEACHABLE","French_Articles_Answer_Key.docx","chadi_authored","","","","","","French_Articles_Answer_Key.docx","regex","1"
"✓ J'ai besoin des réponses que tu m'as promises","specific answers","OTHER_IN_SCOPE_TEACHABLE","French_Articles_Course.docx","chadi_authored","","","","","","French_Articles_Course.docx","regex","2"
"✓ J'ai envie de ce livre","this specific book","OTHER_IN_SCOPE_TEACHABLE","French_Articles_Course.docx","chadi_authored","","","","","","French_Articles_Course.docx","regex","2"
"✓ Veuillez patienter = Please wait","formal","OTHER_IN_SCOPE_TEACHABLE","Notes de cours de Andre.docx","chadi_authored","","","","","","Notes de cours de Andre.docx","regex","2"
"✗ J'ai mangé les carottes","ate THE carrots?","OTHER_IN_SCOPE_TEACHABLE","French_Articles_Course.docx","chadi_authored","","","","","","French_Articles_Course.docx","regex","2"
"✗ Tu as combien de chats ?","J'en ai. → ✓ J'en ai trois. (Keep the quantity!","OTHER_IN_SCOPE_TEACHABLE","French_Object_Pronouns.docx","chadi_authored","","","","","","French_Object_Pronouns.docx","regex","1"
"✗ Tu parles de ton frère ?","J'en parle. → ✓ Je parle de lui. (EN is for THINGS, not people","OTHER_IN_SCOPE_TEACHABLE","French_Object_Pronouns.docx","chadi_authored","","","","","","French_Object_Pronouns.docx","regex","1"
"✘ Il a sorti de ses gonds","✔ Il est sorti de ses gonds [verbe de mouvement = être","OTHER_IN_SCOPE_TEACHABLE","Le_Briefing_v2_Comportement.docx","chadi_authored","","","","","","Le_Briefing_v2_Comportement.docx","table","1"
"✘ Il fait de la bonne foi","✔ Il est de bonne foi [pas de « faire »","OTHER_IN_SCOPE_TEACHABLE","Le_Briefing_v2_Comportement.docx","chadi_authored","","","","","","Le_Briefing_v2_Comportement.docx","table","1"
"✘ Négatif Pronoun goes BEFORE the verb (normal position, like a regular sentence) Ne te réveille pas ! = Don’t wake up! Ne nous réveillons pas ! = Let’s not wake up!","✔ Affirmatif Pronoun goes AFTER the verb (connected with a hyphen) Réveille-toi ! = Wake up! Réveillons-nous ! = Let’s wake up!","OTHER_IN_SCOPE_TEACHABLE","Notes de cours de Andre.docx","chadi_authored","","","","","","Notes de cours de Andre.docx","table","1"
"❌ Il travaille seulement le lundi","✅ Il ne travaille que le lundi","OTHER_IN_SCOPE_TEACHABLE","Les_Moules_Complete_Framework.docx","book_lab","","","","","","Les_Moules_Complete_Framework.docx","table","1"
"❌ Sounds rude / childish Je veux un café. / Tu peux m’aider ?","✅ Sounds polite / adult Je voudrais un café. / Tu pourrais m’aider ? / Est-ce que vous auriez","OTHER_IN_SCOPE_TEACHABLE","Les_Moules_Complete_Framework.docx","book_lab","","","","","","Les_Moules_Complete_Framework.docx","table","1"
"➤ Elle est d'une gentillesse !","She's SO kind!","OTHER_IN_SCOPE_TEACHABLE","Articles_Valeurs_Discursives.docx","chadi_authored","","","","","","Articles_Valeurs_Discursives.docx","regex","1"
"⭐ GOLDEN RULE: DONT absorbs the 'DE","the preposition disappears! Verb + DE → use DONT","OTHER_IN_SCOPE_TEACHABLE","Notes de cours de Andre.docx","chadi_authored","","","","","","Notes de cours de Andre.docx","regex","2"
"🇫🇷 En français","Cette structure N'EXISTE PAS. On utilise « que + subjonctif »","OTHER_IN_SCOPE_TEACHABLE","Annexe_Subjonctif_Exemples_Exhaustifs_Egor.docx","chadi_authored","","","","","","Annexe_Subjonctif_Exemples_Exhaustifs_Egor.docx","regex","1"
"🇫🇷 Le collègue avec lequel je travaille est compétent","formel","OTHER_IN_SCOPE_TEACHABLE","Notes de cours de Andre.docx","chadi_authored","","","","","","Notes de cours de Andre.docx","regex","2"
"🇫🇷 Le collègue avec qui je travaille est sympa","courant","OTHER_IN_SCOPE_TEACHABLE","Notes de cours de Andre.docx","chadi_authored","","","","","","Notes de cours de Andre.docx","regex","2"
